pair,matrix,ranks,cuda_median_solver_s,cuda_min_solver_s,cuda_max_solver_s,cuda_median_iteration_us,cuda_median_iterations,cuda_median_compute_s,cuda_n_trials,cuda_n_jobs,cuda_n_attempts,sycl_median_solver_s,sycl_min_solver_s,sycl_max_solver_s,sycl_median_iteration_us,sycl_median_iterations,sycl_median_compute_s,sycl_n_trials,sycl_n_jobs,sycl_n_attempts,time_ratio,iteration_ratio,compute_ratio
single,Bump_2911,1,38.98112,38.955687,39.006492,1520.6803464149175,25634.0,38.502642,27,9,27,50.9888,50.9536,51.0243,2024.5701806630927,25185.0,,9,1,9,1.308038352925724,1.3313581552073857,
single,Queen_4147,1,88.8288795,88.802312,88.86552,3437.7831765935216,25839.0,88.34273200000001,36,12,36,118.051,118.032,118.076,4535.538650683879,26028.0,,9,1,9,1.3289709457609449,1.3193207417979502,
mpi,Bump_2911,2,22.047493,21.619598,22.434733,866.0387183941325,25471.0,19.857904,9,3,9,28.688627,28.664419,29.126813,1136.1832475247525,25250.0,26.396539999999998,9,1,9,1.3012194629112708,1.3119312374757797,1.3292712060648493
mpi,Bump_2911,4,12.505354,12.261094,12.614819,490.6347445711608,25473.0,10.220040000000001,9,3,9,17.23372,17.20687,17.681944,677.452730060144,25439.0,13.966744,9,1,9,1.3781073290688133,1.380767949184421,1.3666036532146644
mpi,Bump_2911,8,13.542155,8.229548,13.985969,536.2201126560838,25478.0,7.643837,9,3,9,12.850802,12.820208,13.384901,499.40937354267055,25732.0,8.290966000000001,9,1,9,0.9489480810107402,0.9313514389994122,1.0846602301959083
mpi,Bump_2911,16,20.506626,9.387947,188.21972,801.218361404061,25494.0,9.563791,9,3,9,13.671048,13.396305,13.882091,537.4050866779355,25439.0,5.231534,9,1,9,0.6666649111365273,0.6707348615128874,0.5470146723197945
mpi,Bump_2911,32,86.604721,12.549331,177.180182,3471.5701515166215,25514.5,22.248606000000002,8,3,8,17.592856,16.82756,18.716092,687.7851362445756,25579.0,3.892303,9,1,9,0.20313968796227636,0.19811932532721643,0.17494592694931088
mpi,Queen_4147,2,48.558554,47.9752,49.103053,1840.951650038373,26402.0,46.297083,9,3,9,63.288859,63.272145,63.711208,2386.907750330002,26515.0,60.790284,9,1,9,1.3033513930418934,1.296561889759706,1.3130478220409696
mpi,Queen_4147,4,25.861164,25.22737,28.633377,981.3861261536114,26325.0,23.394996,9,3,9,34.078212,34.052147,34.533199,1309.2401552114948,26029.0,30.567273,9,1,9,1.3177369742522032,1.334072410767468,1.3065731235859157
mpi,Queen_4147,8,19.511867000000002,15.395707,131.382215,739.0439898827041,26291.0,12.564570499999999,8,3,8,20.782402,20.732861,21.212811,782.7941542054315,26549.0,16.518843,9,1,9,1.0651160137571662,1.0591983223213426,1.3147160899769716
mpi,Queen_4147,16,163.22419,10.378728,184.14936,6128.414432680032,26354.0,79.47413,9,3,9,15.419054,15.414827,15.894276,586.811310701781,26276.0,9.276522,3,1,3,0.09446549558616281,0.09575255021471535,0.11672379427116723
mpi,Queen_4147,32,84.756884,17.213376,180.282595,3200.7886706948643,26441.0,14.746091,9,3,9,14.904236000000001,14.859851,15.5647,573.5928263546798,25984.0,5.7452065,12,2,12,0.17584690819922075,0.1792035917916935,0.38960877835353114
nccl,Bump_2911,2,21.593226,21.068109,21.95163,850.3741084591784,25381.0,20.324368,9,3,9,28.829298,28.77326,28.879827,1141.7543762376238,25250.0,26.464789,9,1,9,1.3351084270594862,1.3426495055292866,1.3021211286865106
nccl,Bump_2911,4,12.304452,11.966338,12.561063,486.4104321561338,25288.0,10.864426,9,3,9,17.114507,17.102991,17.154038,684.772016164526,24993.0,13.777165,9,1,9,1.3909198881835616,1.4078070100781057,1.2680987472324816
nccl,Bump_2911,8,7.937874,7.825346,8.401343,309.55978282252033,25514.0,6.009967,9,3,9,13.57604,13.546359,13.649244,523.3429705871016,25941.0,8.379621,9,1,9,1.710286658619172,1.6906038821171723,1.3942873563199267
nccl,Bump_2911,16,6.287299,6.015579,6.421303,247.2660470977396,25415.0,3.7684819999999997,9,3,9,14.612434,14.48629,14.645295,567.605422622747,25744.0,5.373114,9,1,9,2.3241194668807705,2.2955251207553915,1.4258032810028018
nccl,Bump_2911,32,6.369126,6.001323,6.679698,247.59469755870006,25279.0,2.86062,9,3,9,19.779682,18.234771,20.819632,759.6467470619864,26038.0,3.861013,9,1,9,3.1055567121768357,3.068105878486709,1.349711950556173
nccl,Queen_4147,2,47.9372,47.526483,48.495479,1825.1444953260418,26275.0,46.614042000000005,9,3,9,63.398156,63.388787,63.409231,2391.0298321704695,26515.0,60.836113000000005,3,1,3,1.3225252204968168,1.3100496088356766,1.3051027199057315
nccl,Queen_4147,4,25.477765,25.048083,25.745484,969.3078101071976,26268.0,24.021338999999998,9,3,9,34.815374,34.771013,34.840647,1318.6143241298337,26403.0,31.085768,9,1,9,1.3665003190036487,1.3603669653543857,1.2940897258058763
nccl,Queen_4147,8,15.187863,15.008961,15.342628,575.881240147136,26397.0,13.2419,9,3,9,21.044535,21.017413,21.08612,800.7813926940639,26280.0,16.409578,9,1,9,1.3856152771459684,1.3905321737680958,1.2392162756099956
nccl,Queen_4147,16,9.743643,9.591972,9.833297,367.8351176115802,26478.0,7.060028,9,3,9,905.481746,901.672018,918.304314,34079.102220549496,26570.0,9.590478,3,2,3,92.93051336137829,92.64776686312949,1.358419258393876
nccl,Queen_4147,32,7.512502,7.24921,8.245621,284.5429134156503,26441.0,4.3106789999999995,9,3,9,16.668408999999997,16.468792,1179.184613,637.5371581564352,26145.0,5.838141500000001,10,2,10,2.2187560149734398,2.2405659325809437,1.3543438284316698
