matrix,nodes,ranks,job,trial,source,backend,status,solver_s,iterations,relative_residual,recurrence_residual,tolerance,error_norm,iteration_us,index_bits,pack_s,halo_s,allreduce_s,readback_s
Bump_2911,1,2,58855163,1,sycl/acg-sycl-mpi/suitesparse/Bump_2911/Bump_2911-rtol-1e-6-001-nodes-0002-procs-58855163-1-stdout.txt,acg-sycl-mpi,valid,21.72098,25250.0,9.50445e-07,9.50445e-07,1e-06,0.14451,860.2368316831684,32.0,1.100879,0.483624,18.80039,0.031344
Bump_2911,1,2,58855163,2,sycl/acg-sycl-mpi/suitesparse/Bump_2911/Bump_2911-rtol-1e-6-001-nodes-0002-procs-58855163-2-stdout.txt,acg-sycl-mpi,valid,21.722332,25250.0,9.50445e-07,9.50445e-07,1e-06,0.14451,860.2903762376238,32.0,1.098372,0.482968,18.794169,0.031622
Bump_2911,1,2,58855163,3,sycl/acg-sycl-mpi/suitesparse/Bump_2911/Bump_2911-rtol-1e-6-001-nodes-0002-procs-58855163-3-stdout.txt,acg-sycl-mpi,valid,21.749327,25250.0,9.50445e-07,9.50445e-07,1e-06,0.14451,861.3594851485149,32.0,1.101208,0.493626,18.795367,0.031686
Bump_2911,1,2,58855164,1,sycl/acg-sycl-mpi/suitesparse/Bump_2911/Bump_2911-rtol-1e-6-001-nodes-0002-procs-58855164-1-stdout.txt,acg-sycl-mpi,valid,21.671795,25250.0,9.50445e-07,9.50445e-07,1e-06,0.14451,858.2889108910891,32.0,1.097542,0.478094,18.799544,0.028899
Bump_2911,1,2,58855164,2,sycl/acg-sycl-mpi/suitesparse/Bump_2911/Bump_2911-rtol-1e-6-001-nodes-0002-procs-58855164-2-stdout.txt,acg-sycl-mpi,valid,21.67178,25250.0,9.50445e-07,9.50445e-07,1e-06,0.14451,858.2883168316831,32.0,1.090975,0.461743,18.78419,0.030117
Bump_2911,1,2,58855164,3,sycl/acg-sycl-mpi/suitesparse/Bump_2911/Bump_2911-rtol-1e-6-001-nodes-0002-procs-58855164-3-stdout.txt,acg-sycl-mpi,valid,21.683179,25250.0,9.50445e-07,9.50445e-07,1e-06,0.14451,858.7397623762376,32.0,1.093328,0.452653,18.786994,0.029636
Bump_2911,1,2,58855165,1,sycl/acg-sycl-mpi/suitesparse/Bump_2911/Bump_2911-rtol-1e-6-001-nodes-0002-procs-58855165-1-stdout.txt,acg-sycl-mpi,valid,21.661776,25250.0,9.50445e-07,9.50445e-07,1e-06,0.14451,857.8921188118812,32.0,1.095747,0.471626,18.783037,0.029787
Bump_2911,1,2,58855165,2,sycl/acg-sycl-mpi/suitesparse/Bump_2911/Bump_2911-rtol-1e-6-001-nodes-0002-procs-58855165-2-stdout.txt,acg-sycl-mpi,valid,21.698969,25250.0,9.50445e-07,9.50445e-07,1e-06,0.14451,859.3651089108911,32.0,1.097188,0.470033,18.769641,0.030247
Bump_2911,1,2,58855165,3,sycl/acg-sycl-mpi/suitesparse/Bump_2911/Bump_2911-rtol-1e-6-001-nodes-0002-procs-58855165-3-stdout.txt,acg-sycl-mpi,valid,21.682239,25250.0,9.50445e-07,9.50445e-07,1e-06,0.14451,858.7025346534652,32.0,1.099753,0.456368,18.810116,0.029789
Bump_2911,1,4,58855166,1,sycl/acg-sycl-mpi/suitesparse/Bump_2911/Bump_2911-rtol-1e-6-001-nodes-0004-procs-58855166-1-stdout.txt,acg-sycl-mpi,valid,11.716334,25439.0,9.725669e-07,9.72567e-07,1e-06,0.14444,460.56582412830693,32.0,0.451045,0.557414,9.365207,0.02966
Bump_2911,1,4,58855166,2,sycl/acg-sycl-mpi/suitesparse/Bump_2911/Bump_2911-rtol-1e-6-001-nodes-0004-procs-58855166-2-stdout.txt,acg-sycl-mpi,valid,11.693935,25439.0,9.725669e-07,9.72567e-07,1e-06,0.14444,459.6853256810409,32.0,0.450041,0.552674,9.362484,0.03083
Bump_2911,1,4,58855166,3,sycl/acg-sycl-mpi/suitesparse/Bump_2911/Bump_2911-rtol-1e-6-001-nodes-0004-procs-58855166-3-stdout.txt,acg-sycl-mpi,valid,11.706958,25439.0,9.725669e-07,9.72567e-07,1e-06,0.14444,460.19725618145367,32.0,0.446231,0.555405,9.361241,0.030231
Bump_2911,1,4,58855168,1,sycl/acg-sycl-mpi/suitesparse/Bump_2911/Bump_2911-rtol-1e-6-001-nodes-0004-procs-58855168-1-stdout.txt,acg-sycl-mpi,valid,11.714364,25439.0,9.725669e-07,9.72567e-07,1e-06,0.14444,460.4883839773576,32.0,0.447568,0.550907,9.373997,0.029886
Bump_2911,1,4,58855168,2,sycl/acg-sycl-mpi/suitesparse/Bump_2911/Bump_2911-rtol-1e-6-001-nodes-0004-procs-58855168-2-stdout.txt,acg-sycl-mpi,valid,11.708809,25439.0,9.725669e-07,9.72567e-07,1e-06,0.14444,460.27001847556903,32.0,0.45003,0.557313,9.367683,0.03097
Bump_2911,1,4,58855168,3,sycl/acg-sycl-mpi/suitesparse/Bump_2911/Bump_2911-rtol-1e-6-001-nodes-0004-procs-58855168-3-stdout.txt,acg-sycl-mpi,valid,11.724832,25439.0,9.725669e-07,9.72567e-07,1e-06,0.14444,460.899878139864,32.0,0.445866,0.556023,9.384812,0.030885
Bump_2911,1,4,58855169,1,sycl/acg-sycl-mpi/suitesparse/Bump_2911/Bump_2911-rtol-1e-6-001-nodes-0004-procs-58855169-1-stdout.txt,acg-sycl-mpi,valid,11.729734,25439.0,9.725669e-07,9.72567e-07,1e-06,0.14444,461.09257439364757,32.0,0.449123,0.557171,9.37007,0.031454
Bump_2911,1,4,58855169,2,sycl/acg-sycl-mpi/suitesparse/Bump_2911/Bump_2911-rtol-1e-6-001-nodes-0004-procs-58855169-2-stdout.txt,acg-sycl-mpi,valid,11.71303,25439.0,9.725669e-07,9.72567e-07,1e-06,0.14444,460.4359448091513,32.0,0.452399,0.555844,9.38698,0.029989
Bump_2911,1,4,58855169,3,sycl/acg-sycl-mpi/suitesparse/Bump_2911/Bump_2911-rtol-1e-6-001-nodes-0004-procs-58855169-3-stdout.txt,acg-sycl-mpi,valid,11.696416,25439.0,9.725669e-07,9.72567e-07,1e-06,0.14444,459.7828530995715,32.0,0.453026,0.555391,9.364583,0.030261
Bump_2911,2,8,58855170,1,sycl/acg-sycl-mpi/suitesparse/Bump_2911/Bump_2911-rtol-1e-6-002-nodes-0008-procs-58855170-1-stdout.txt,acg-sycl-mpi,valid,7.95755,25732.0,9.384778e-07,9.38478e-07,1e-06,0.144398,309.24724078967824,32.0,0.4327,0.825776,5.3073,0.031086
Bump_2911,2,8,58855170,2,sycl/acg-sycl-mpi/suitesparse/Bump_2911/Bump_2911-rtol-1e-6-002-nodes-0008-procs-58855170-2-stdout.txt,acg-sycl-mpi,valid,7.95419,25732.0,9.384778e-07,9.38478e-07,1e-06,0.144398,309.1166640758588,32.0,0.428133,0.829516,5.295735,0.031286
Bump_2911,2,8,58855170,3,sycl/acg-sycl-mpi/suitesparse/Bump_2911/Bump_2911-rtol-1e-6-002-nodes-0008-procs-58855170-3-stdout.txt,acg-sycl-mpi,valid,7.959575,25732.0,9.384778e-07,9.38478e-07,1e-06,0.144398,309.3259365770247,32.0,0.433489,0.840124,5.297802,0.030804
Bump_2911,2,8,58855173,1,sycl/acg-sycl-mpi/suitesparse/Bump_2911/Bump_2911-rtol-1e-6-002-nodes-0008-procs-58855173-1-stdout.txt,acg-sycl-mpi,valid,7.94927,25732.0,9.384778e-07,9.38478e-07,1e-06,0.144398,308.92546245919476,32.0,0.428979,0.826432,5.29025,0.031192
Bump_2911,2,8,58855173,2,sycl/acg-sycl-mpi/suitesparse/Bump_2911/Bump_2911-rtol-1e-6-002-nodes-0008-procs-58855173-2-stdout.txt,acg-sycl-mpi,valid,7.951547,25732.0,9.384778e-07,9.38478e-07,1e-06,0.144398,309.01395150007767,32.0,0.430943,0.822022,5.296153,0.031051
Bump_2911,2,8,58855173,3,sycl/acg-sycl-mpi/suitesparse/Bump_2911/Bump_2911-rtol-1e-6-002-nodes-0008-procs-58855173-3-stdout.txt,acg-sycl-mpi,valid,7.934804,25732.0,9.384778e-07,9.38478e-07,1e-06,0.144398,308.3632830716617,32.0,0.432467,0.819231,5.271754,0.031696
Bump_2911,4,16,58855174,1,sycl/acg-sycl-mpi/suitesparse/Bump_2911/Bump_2911-rtol-1e-6-004-nodes-0016-procs-58855174-1-stdout.txt,acg-sycl-mpi,valid,6.097474,25439.0,9.972794e-07,9.97279e-07,1e-06,0.144479,239.6900035378749,32.0,0.321844,1.091265,3.132931,0.030919
Bump_2911,4,16,58855174,2,sycl/acg-sycl-mpi/suitesparse/Bump_2911/Bump_2911-rtol-1e-6-004-nodes-0016-procs-58855174-2-stdout.txt,acg-sycl-mpi,valid,6.112943,25439.0,9.972794e-07,9.97279e-07,1e-06,0.144479,240.29808561657296,32.0,0.320502,1.080402,3.140948,0.031247
Bump_2911,4,16,58855174,3,sycl/acg-sycl-mpi/suitesparse/Bump_2911/Bump_2911-rtol-1e-6-004-nodes-0016-procs-58855174-3-stdout.txt,acg-sycl-mpi,valid,6.099825,25439.0,9.972794e-07,9.97279e-07,1e-06,0.144479,239.7824206926373,32.0,0.325666,1.066191,3.101857,0.030806
Bump_2911,4,16,58855175,1,sycl/acg-sycl-mpi/suitesparse/Bump_2911/Bump_2911-rtol-1e-6-004-nodes-0016-procs-58855175-1-stdout.txt,acg-sycl-mpi,valid,6.144895,25439.0,9.972794e-07,9.97279e-07,1e-06,0.144479,241.5541098313613,32.0,0.317252,1.105314,3.183778,0.030975
Bump_2911,4,16,58855175,2,sycl/acg-sycl-mpi/suitesparse/Bump_2911/Bump_2911-rtol-1e-6-004-nodes-0016-procs-58855175-2-stdout.txt,acg-sycl-mpi,valid,6.148982,25439.0,9.972794e-07,9.97279e-07,1e-06,0.144479,241.7147686622902,32.0,0.319861,1.099048,3.158881,0.031073
Bump_2911,4,16,58855175,3,sycl/acg-sycl-mpi/suitesparse/Bump_2911/Bump_2911-rtol-1e-6-004-nodes-0016-procs-58855175-3-stdout.txt,acg-sycl-mpi,valid,6.148037,25439.0,9.972794e-07,9.97279e-07,1e-06,0.144479,241.6776209756673,32.0,0.322152,1.124859,3.144736,0.029796
Bump_2911,4,16,58855176,1,sycl/acg-sycl-mpi/suitesparse/Bump_2911/Bump_2911-rtol-1e-6-004-nodes-0016-procs-58855176-1-stdout.txt,acg-sycl-mpi,valid,6.070345,25439.0,9.972794e-07,9.97279e-07,1e-06,0.144479,238.62357010888792,32.0,0.32104,1.113566,3.079814,0.032047
Bump_2911,4,16,58855176,2,sycl/acg-sycl-mpi/suitesparse/Bump_2911/Bump_2911-rtol-1e-6-004-nodes-0016-procs-58855176-2-stdout.txt,acg-sycl-mpi,valid,6.105047,25439.0,9.972794e-07,9.97279e-07,1e-06,0.144479,239.98769605723496,32.0,0.32293,1.066059,3.139647,0.030661
Bump_2911,4,16,58855176,3,sycl/acg-sycl-mpi/suitesparse/Bump_2911/Bump_2911-rtol-1e-6-004-nodes-0016-procs-58855176-3-stdout.txt,acg-sycl-mpi,valid,6.08822,25439.0,9.972794e-07,9.97279e-07,1e-06,0.144479,239.32623137701952,32.0,0.321703,1.070506,3.134826,0.03028
Bump_2911,8,32,58855177,1,sycl/acg-sycl-mpi/suitesparse/Bump_2911/Bump_2911-rtol-1e-6-008-nodes-0032-procs-58855177-1-stdout.txt,acg-sycl-mpi,valid,5.60975,25579.0,9.968186e-07,9.96819e-07,1e-06,0.144418,219.3107627350561,32.0,0.315437,1.416564,1.869695,0.031042
Bump_2911,8,32,58855177,2,sycl/acg-sycl-mpi/suitesparse/Bump_2911/Bump_2911-rtol-1e-6-008-nodes-0032-procs-58855177-2-stdout.txt,acg-sycl-mpi,valid,5.565771,25579.0,9.968186e-07,9.96819e-07,1e-06,0.144418,217.5914226513937,32.0,0.314381,1.416061,1.835731,0.031572
Bump_2911,8,32,58855177,3,sycl/acg-sycl-mpi/suitesparse/Bump_2911/Bump_2911-rtol-1e-6-008-nodes-0032-procs-58855177-3-stdout.txt,acg-sycl-mpi,valid,5.608043,25579.0,9.968186e-07,9.96819e-07,1e-06,0.144418,219.24402830446851,32.0,0.315729,1.413256,1.861127,0.031521
Bump_2911,8,32,58855178,1,sycl/acg-sycl-mpi/suitesparse/Bump_2911/Bump_2911-rtol-1e-6-008-nodes-0032-procs-58855178-1-stdout.txt,acg-sycl-mpi,valid,5.596583,25579.0,9.968186e-07,9.96819e-07,1e-06,0.144418,218.79600453497008,32.0,0.314011,1.447017,1.839972,0.0309
Bump_2911,8,32,58855178,2,sycl/acg-sycl-mpi/suitesparse/Bump_2911/Bump_2911-rtol-1e-6-008-nodes-0032-procs-58855178-2-stdout.txt,acg-sycl-mpi,valid,5.665168,25579.0,9.968186e-07,9.96819e-07,1e-06,0.144418,221.47730560225187,32.0,0.314766,1.476083,1.865407,0.031267
Bump_2911,8,32,58855178,3,sycl/acg-sycl-mpi/suitesparse/Bump_2911/Bump_2911-rtol-1e-6-008-nodes-0032-procs-58855178-3-stdout.txt,acg-sycl-mpi,valid,5.665185,25579.0,9.968186e-07,9.96819e-07,1e-06,0.144418,221.47797020993784,32.0,0.315492,1.448905,1.874139,0.032042
Bump_2911,8,32,58855179,1,sycl/acg-sycl-mpi/suitesparse/Bump_2911/Bump_2911-rtol-1e-6-008-nodes-0032-procs-58855179-1-stdout.txt,acg-sycl-mpi,valid,5.64942,25579.0,9.968186e-07,9.96819e-07,1e-06,0.144418,220.8616443176043,32.0,0.312078,1.480071,1.878375,0.031559
Bump_2911,8,32,58855179,2,sycl/acg-sycl-mpi/suitesparse/Bump_2911/Bump_2911-rtol-1e-6-008-nodes-0032-procs-58855179-2-stdout.txt,acg-sycl-mpi,valid,5.665796,25579.0,9.968186e-07,9.96819e-07,1e-06,0.144418,221.50185699206384,32.0,0.316634,1.49453,1.886905,0.031644
Bump_2911,8,32,58855179,3,sycl/acg-sycl-mpi/suitesparse/Bump_2911/Bump_2911-rtol-1e-6-008-nodes-0032-procs-58855179-3-stdout.txt,acg-sycl-mpi,valid,5.649956,25579.0,9.968186e-07,9.96819e-07,1e-06,0.144418,220.88259900699794,32.0,0.314141,1.497005,1.872234,0.03144
Queen_4147,1,2,58856249,1,sycl/acg-sycl-mpi/suitesparse/Queen_4147/Queen_4147-rtol-1e-6-001-nodes-0002-procs-58856249-1-stdout.txt,acg-sycl-mpi,valid,48.588698,26515.0,9.863194e-07,9.86319e-07,1e-06,0.190161,1832.4985102772016,32.0,1.556221,0.463245,45.14932,0.03173
Queen_4147,1,2,58856249,2,sycl/acg-sycl-mpi/suitesparse/Queen_4147/Queen_4147-rtol-1e-6-001-nodes-0002-procs-58856249-2-stdout.txt,acg-sycl-mpi,valid,48.571223,26515.0,9.863194e-07,9.86319e-07,1e-06,0.190161,1831.8394493682822,32.0,1.554915,0.458132,45.16003,0.03076
Queen_4147,1,2,58856249,3,sycl/acg-sycl-mpi/suitesparse/Queen_4147/Queen_4147-rtol-1e-6-001-nodes-0002-procs-58856249-3-stdout.txt,acg-sycl-mpi,valid,48.566415,26515.0,9.863194e-07,9.86319e-07,1e-06,0.190161,1831.6581180463888,32.0,1.55434,0.457528,45.158033,0.031354
Queen_4147,1,2,58856250,1,sycl/acg-sycl-mpi/suitesparse/Queen_4147/Queen_4147-rtol-1e-6-001-nodes-0002-procs-58856250-1-stdout.txt,acg-sycl-mpi,valid,48.572767,26515.0,9.863194e-07,9.86319e-07,1e-06,0.190161,1831.8976805581747,32.0,1.550439,0.480358,45.125447,0.032072
Queen_4147,1,2,58856250,2,sycl/acg-sycl-mpi/suitesparse/Queen_4147/Queen_4147-rtol-1e-6-001-nodes-0002-procs-58856250-2-stdout.txt,acg-sycl-mpi,valid,48.576319,26515.0,9.863194e-07,9.86319e-07,1e-06,0.190161,1832.0316424665284,32.0,1.549848,0.46018,45.108722,0.031274
Queen_4147,1,2,58856250,3,sycl/acg-sycl-mpi/suitesparse/Queen_4147/Queen_4147-rtol-1e-6-001-nodes-0002-procs-58856250-3-stdout.txt,acg-sycl-mpi,valid,48.582994,26515.0,9.863194e-07,9.86319e-07,1e-06,0.190161,1832.28338676221,32.0,1.552907,0.479808,45.117422,0.031179
Queen_4147,1,2,58856251,1,sycl/acg-sycl-mpi/suitesparse/Queen_4147/Queen_4147-rtol-1e-6-001-nodes-0002-procs-58856251-1-stdout.txt,acg-sycl-mpi,valid,48.578576,26515.0,9.863194e-07,9.86319e-07,1e-06,0.190161,1832.116764095795,32.0,1.553574,0.460296,45.143772,0.033084
Queen_4147,1,2,58856251,2,sycl/acg-sycl-mpi/suitesparse/Queen_4147/Queen_4147-rtol-1e-6-001-nodes-0002-procs-58856251-2-stdout.txt,acg-sycl-mpi,valid,48.596672,26515.0,9.863194e-07,9.86319e-07,1e-06,0.190161,1832.7992457099754,32.0,1.552691,0.449272,45.163657,0.031934
Queen_4147,1,2,58856251,3,sycl/acg-sycl-mpi/suitesparse/Queen_4147/Queen_4147-rtol-1e-6-001-nodes-0002-procs-58856251-3-stdout.txt,acg-sycl-mpi,valid,48.59056,26515.0,9.863194e-07,9.86319e-07,1e-06,0.190161,1832.568734678484,32.0,1.554548,0.449871,45.170631,0.031051
Queen_4147,1,4,58856252,1,sycl/acg-sycl-mpi/suitesparse/Queen_4147/Queen_4147-rtol-1e-6-001-nodes-0004-procs-58856252-1-stdout.txt,acg-sycl-mpi,valid,24.894278,26029.0,9.969209e-07,9.96921e-07,1e-06,0.190184,956.4054708210073,32.0,0.454868,0.515276,22.365961,0.031072
Queen_4147,1,4,58856252,2,sycl/acg-sycl-mpi/suitesparse/Queen_4147/Queen_4147-rtol-1e-6-001-nodes-0004-procs-58856252-2-stdout.txt,acg-sycl-mpi,valid,24.887757,26029.0,9.969209e-07,9.96921e-07,1e-06,0.190184,956.1549425640633,32.0,0.459218,0.48683,22.391316,0.033811
Queen_4147,1,4,58856252,3,sycl/acg-sycl-mpi/suitesparse/Queen_4147/Queen_4147-rtol-1e-6-001-nodes-0004-procs-58856252-3-stdout.txt,acg-sycl-mpi,valid,24.881973,26029.0,9.969209e-07,9.96921e-07,1e-06,0.190184,955.9327288793269,32.0,0.458109,0.489167,22.413855,0.031569
Queen_4147,1,4,58856253,1,sycl/acg-sycl-mpi/suitesparse/Queen_4147/Queen_4147-rtol-1e-6-001-nodes-0004-procs-58856253-1-stdout.txt,acg-sycl-mpi,valid,24.876102,26029.0,9.969209e-07,9.96921e-07,1e-06,0.190184,955.7071727688347,32.0,0.455297,0.492088,22.412691,0.030908
Queen_4147,1,4,58856253,2,sycl/acg-sycl-mpi/suitesparse/Queen_4147/Queen_4147-rtol-1e-6-001-nodes-0004-procs-58856253-2-stdout.txt,acg-sycl-mpi,valid,24.884104,26029.0,9.969209e-07,9.96921e-07,1e-06,0.190184,956.0145991010028,32.0,0.459448,0.494992,22.397653,0.031887
Queen_4147,1,4,58856253,3,sycl/acg-sycl-mpi/suitesparse/Queen_4147/Queen_4147-rtol-1e-6-001-nodes-0004-procs-58856253-3-stdout.txt,acg-sycl-mpi,valid,24.882346,26029.0,9.969209e-07,9.96921e-07,1e-06,0.190184,955.9470590495216,32.0,0.454356,0.518229,22.380362,0.030615
Queen_4147,1,4,58856254,1,sycl/acg-sycl-mpi/suitesparse/Queen_4147/Queen_4147-rtol-1e-6-001-nodes-0004-procs-58856254-1-stdout.txt,acg-sycl-mpi,valid,24.889338,26029.0,9.969209e-07,9.96921e-07,1e-06,0.190184,956.2156825079719,32.0,0.455367,0.50605,22.395775,0.031917
Queen_4147,1,4,58856254,2,sycl/acg-sycl-mpi/suitesparse/Queen_4147/Queen_4147-rtol-1e-6-001-nodes-0004-procs-58856254-2-stdout.txt,acg-sycl-mpi,valid,24.874521,26029.0,9.969209e-07,9.96921e-07,1e-06,0.190184,955.646432824926,32.0,0.458154,0.493694,22.418989,0.030835
Queen_4147,1,4,58856254,3,sycl/acg-sycl-mpi/suitesparse/Queen_4147/Queen_4147-rtol-1e-6-001-nodes-0004-procs-58856254-3-stdout.txt,acg-sycl-mpi,valid,24.884896,26029.0,9.969209e-07,9.96921e-07,1e-06,0.190184,956.0450267009875,32.0,0.455979,0.505433,22.406816,0.031815
Queen_4147,2,8,58856255,1,sycl/acg-sycl-mpi/suitesparse/Queen_4147/Queen_4147-rtol-1e-6-002-nodes-0008-procs-58856255-1-stdout.txt,acg-sycl-mpi,valid,14.72063,26549.0,9.861462e-07,9.86146e-07,1e-06,0.19016,554.4702248672266,32.0,0.371475,0.974148,11.786369,0.032305
Queen_4147,2,8,58856255,2,sycl/acg-sycl-mpi/suitesparse/Queen_4147/Queen_4147-rtol-1e-6-002-nodes-0008-procs-58856255-2-stdout.txt,acg-sycl-mpi,valid,14.719098,26549.0,9.861462e-07,9.86146e-07,1e-06,0.19016,554.4125202455837,32.0,0.368053,0.9733,11.811701,0.03115
Queen_4147,2,8,58856255,3,sycl/acg-sycl-mpi/suitesparse/Queen_4147/Queen_4147-rtol-1e-6-002-nodes-0008-procs-58856255-3-stdout.txt,acg-sycl-mpi,valid,14.696752,26549.0,9.861462e-07,9.86146e-07,1e-06,0.19016,553.5708312930807,32.0,0.375171,0.957647,11.765695,0.032878
Queen_4147,2,8,58856256,1,sycl/acg-sycl-mpi/suitesparse/Queen_4147/Queen_4147-rtol-1e-6-002-nodes-0008-procs-58856256-1-stdout.txt,acg-sycl-mpi,valid,14.717136,26549.0,9.861462e-07,9.86146e-07,1e-06,0.19016,554.3386191570304,32.0,0.374497,0.978445,11.775973,0.031216
Queen_4147,2,8,58856256,2,sycl/acg-sycl-mpi/suitesparse/Queen_4147/Queen_4147-rtol-1e-6-002-nodes-0008-procs-58856256-2-stdout.txt,acg-sycl-mpi,valid,14.692966,26549.0,9.861462e-07,9.86146e-07,1e-06,0.19016,553.4282270518663,32.0,0.371682,0.976057,11.754076,0.032818
Queen_4147,2,8,58856256,3,sycl/acg-sycl-mpi/suitesparse/Queen_4147/Queen_4147-rtol-1e-6-002-nodes-0008-procs-58856256-3-stdout.txt,acg-sycl-mpi,valid,14.691633,26549.0,9.861462e-07,9.86146e-07,1e-06,0.19016,553.3780180044446,32.0,0.371901,0.965828,11.757915,0.032203
Queen_4147,2,8,58856257,1,sycl/acg-sycl-mpi/suitesparse/Queen_4147/Queen_4147-rtol-1e-6-002-nodes-0008-procs-58856257-1-stdout.txt,acg-sycl-mpi,valid,14.668379,26549.0,9.861462e-07,9.86146e-07,1e-06,0.19016,552.5021281404196,32.0,0.36926,0.956326,11.732938,0.032974
Queen_4147,2,8,58856257,2,sycl/acg-sycl-mpi/suitesparse/Queen_4147/Queen_4147-rtol-1e-6-002-nodes-0008-procs-58856257-2-stdout.txt,acg-sycl-mpi,valid,14.684398,26549.0,9.861462e-07,9.86146e-07,1e-06,0.19016,553.1055030321293,32.0,0.361001,0.962899,11.74759,0.032039
Queen_4147,2,8,58856257,3,sycl/acg-sycl-mpi/suitesparse/Queen_4147/Queen_4147-rtol-1e-6-002-nodes-0008-procs-58856257-3-stdout.txt,acg-sycl-mpi,valid,14.688666,26549.0,9.861462e-07,9.86146e-07,1e-06,0.19016,553.2662623827639,32.0,0.369246,0.970683,11.748051,0.031182
Queen_4147,4,16,58856258,1,sycl/acg-sycl-mpi/suitesparse/Queen_4147/Queen_4147-rtol-1e-6-004-nodes-0016-procs-58856258-1-stdout.txt,acg-sycl-mpi,valid,9.647334,26213.0,9.925031e-07,9.92503e-07,1e-06,0.190176,368.03624155953156,32.0,0.345364,1.118156,6.215967,0.031997
Queen_4147,4,16,58856258,2,sycl/acg-sycl-mpi/suitesparse/Queen_4147/Queen_4147-rtol-1e-6-004-nodes-0016-procs-58856258-2-stdout.txt,acg-sycl-mpi,valid,9.670699,26213.0,9.925031e-07,9.92503e-07,1e-06,0.190176,368.927593178957,32.0,0.342592,1.201547,6.188492,0.031734
Queen_4147,4,16,58856258,3,sycl/acg-sycl-mpi/suitesparse/Queen_4147/Queen_4147-rtol-1e-6-004-nodes-0016-procs-58856258-3-stdout.txt,acg-sycl-mpi,valid,9.577724,26213.0,9.925031e-07,9.92503e-07,1e-06,0.190176,365.38068897112123,32.0,0.341572,1.105239,6.209648,0.033215
Queen_4147,4,16,58856259,1,sycl/acg-sycl-mpi/suitesparse/Queen_4147/Queen_4147-rtol-1e-6-004-nodes-0016-procs-58856259-1-stdout.txt,acg-sycl-mpi,valid,9.635688,26213.0,9.925031e-07,9.92503e-07,1e-06,0.190176,367.591958188685,32.0,0.342541,1.101254,6.205584,0.031925
Queen_4147,4,16,58856259,2,sycl/acg-sycl-mpi/suitesparse/Queen_4147/Queen_4147-rtol-1e-6-004-nodes-0016-procs-58856259-2-stdout.txt,acg-sycl-mpi,valid,9.664836,26213.0,9.925031e-07,9.92503e-07,1e-06,0.190176,368.7039255331324,32.0,0.341518,1.176399,6.199038,0.030737
Queen_4147,4,16,58856259,3,sycl/acg-sycl-mpi/suitesparse/Queen_4147/Queen_4147-rtol-1e-6-004-nodes-0016-procs-58856259-3-stdout.txt,acg-sycl-mpi,valid,9.591313,26213.0,9.925031e-07,9.92503e-07,1e-06,0.190176,365.8990958684622,32.0,0.339502,1.122286,6.216037,0.030822
Queen_4147,4,16,58856260,1,sycl/acg-sycl-mpi/suitesparse/Queen_4147/Queen_4147-rtol-1e-6-004-nodes-0016-procs-58856260-1-stdout.txt,acg-sycl-mpi,valid,9.565383,26213.0,9.925031e-07,9.92503e-07,1e-06,0.190176,364.9098920383016,32.0,0.341088,1.146604,6.150273,0.031562
Queen_4147,4,16,58856260,2,sycl/acg-sycl-mpi/suitesparse/Queen_4147/Queen_4147-rtol-1e-6-004-nodes-0016-procs-58856260-2-stdout.txt,acg-sycl-mpi,valid,9.539258,26213.0,9.925031e-07,9.92503e-07,1e-06,0.190176,363.9132491511845,32.0,0.341203,1.132636,6.137477,0.031606
Queen_4147,4,16,58856260,3,sycl/acg-sycl-mpi/suitesparse/Queen_4147/Queen_4147-rtol-1e-6-004-nodes-0016-procs-58856260-3-stdout.txt,acg-sycl-mpi,valid,9.582191,26213.0,9.925031e-07,9.92503e-07,1e-06,0.190176,365.5511005989394,32.0,0.340068,1.164068,6.148457,0.031271
Queen_4147,8,32,58856261,1,sycl/acg-sycl-mpi/suitesparse/Queen_4147/Queen_4147-rtol-1e-6-008-nodes-0032-procs-58856261-1-stdout.txt,acg-sycl-mpi,valid,6.624221,26255.0,9.912666e-07,9.91267e-07,1e-06,0.190174,252.3032184345839,32.0,0.316557,0.69501,3.901678,0.030637
Queen_4147,8,32,58856261,2,sycl/acg-sycl-mpi/suitesparse/Queen_4147/Queen_4147-rtol-1e-6-008-nodes-0032-procs-58856261-2-stdout.txt,acg-sycl-mpi,valid,6.592647,26255.0,9.912666e-07,9.91267e-07,1e-06,0.190174,251.10062845172348,32.0,0.317991,0.700693,3.874729,0.031383
Queen_4147,8,32,58856261,3,sycl/acg-sycl-mpi/suitesparse/Queen_4147/Queen_4147-rtol-1e-6-008-nodes-0032-procs-58856261-3-stdout.txt,acg-sycl-mpi,valid,6.607318,26255.0,9.912666e-07,9.91267e-07,1e-06,0.190174,251.65941725385642,32.0,0.318954,0.723592,3.84272,0.032082
Queen_4147,8,32,58856262,1,sycl/acg-sycl-mpi/suitesparse/Queen_4147/Queen_4147-rtol-1e-6-008-nodes-0032-procs-58856262-1-stdout.txt,acg-sycl-mpi,valid,6.609279,26255.0,9.912666e-07,9.91267e-07,1e-06,0.190174,251.73410778899256,32.0,0.313705,0.703052,3.892011,0.032504
Queen_4147,8,32,58856262,2,sycl/acg-sycl-mpi/suitesparse/Queen_4147/Queen_4147-rtol-1e-6-008-nodes-0032-procs-58856262-2-stdout.txt,acg-sycl-mpi,valid,6.586198,26255.0,9.912666e-07,9.91267e-07,1e-06,0.190174,250.85499904780045,32.0,0.318978,0.687281,3.867799,0.031573
Queen_4147,8,32,58856262,3,sycl/acg-sycl-mpi/suitesparse/Queen_4147/Queen_4147-rtol-1e-6-008-nodes-0032-procs-58856262-3-stdout.txt,acg-sycl-mpi,valid,6.606554,26255.0,9.912666e-07,9.91267e-07,1e-06,0.190174,251.63031803466006,32.0,0.318687,0.713559,3.872666,0.03155
Queen_4147,8,32,58856263,1,sycl/acg-sycl-mpi/suitesparse/Queen_4147/Queen_4147-rtol-1e-6-008-nodes-0032-procs-58856263-1-stdout.txt,acg-sycl-mpi,valid,6.628713,26255.0,9.912666e-07,9.91267e-07,1e-06,0.190174,252.47430965530376,32.0,0.318987,0.702069,3.897723,0.030813
Queen_4147,8,32,58856263,2,sycl/acg-sycl-mpi/suitesparse/Queen_4147/Queen_4147-rtol-1e-6-008-nodes-0032-procs-58856263-2-stdout.txt,acg-sycl-mpi,valid,6.587178,26255.0,9.912666e-07,9.91267e-07,1e-06,0.190174,250.89232527137685,32.0,0.316151,0.74188,3.840778,0.031771
Queen_4147,8,32,58856263,3,sycl/acg-sycl-mpi/suitesparse/Queen_4147/Queen_4147-rtol-1e-6-008-nodes-0032-procs-58856263-3-stdout.txt,acg-sycl-mpi,valid,6.587193,26255.0,9.912666e-07,9.91267e-07,1e-06,0.190174,250.89289659112552,32.0,0.317908,0.690789,3.873152,0.03132
Bump_2911,1,2,58855163,1,sycl/acg-sycl-oneccl-nccl/suitesparse/Bump_2911/Bump_2911-rtol-1e-6-001-nodes-0002-procs-58855163-1-stdout.txt,acg-sycl-oneccl-nccl,valid,21.957903,25250.0,9.50445e-07,9.50445e-07,1e-06,0.14451,869.6199207920793,32.0,1.087562,0.497165,18.995796,0.032951
Bump_2911,1,2,58855163,2,sycl/acg-sycl-oneccl-nccl/suitesparse/Bump_2911/Bump_2911-rtol-1e-6-001-nodes-0002-procs-58855163-2-stdout.txt,acg-sycl-oneccl-nccl,valid,21.974494,25250.0,9.50445e-07,9.50445e-07,1e-06,0.14451,870.2769900990098,32.0,1.092419,0.488802,19.018468,0.032428
Bump_2911,1,2,58855163,3,sycl/acg-sycl-oneccl-nccl/suitesparse/Bump_2911/Bump_2911-rtol-1e-6-001-nodes-0002-procs-58855163-3-stdout.txt,acg-sycl-oneccl-nccl,valid,21.9612,25250.0,9.50445e-07,9.50445e-07,1e-06,0.14451,869.750495049505,32.0,1.08726,0.48916,19.008135,0.032352
Bump_2911,1,2,58855164,1,sycl/acg-sycl-oneccl-nccl/suitesparse/Bump_2911/Bump_2911-rtol-1e-6-001-nodes-0002-procs-58855164-1-stdout.txt,acg-sycl-oneccl-nccl,valid,21.909914,25250.0,9.50445e-07,9.50445e-07,1e-06,0.14451,867.7193663366336,32.0,1.085172,0.480995,19.000611,0.030872
Bump_2911,1,2,58855164,2,sycl/acg-sycl-oneccl-nccl/suitesparse/Bump_2911/Bump_2911-rtol-1e-6-001-nodes-0002-procs-58855164-2-stdout.txt,acg-sycl-oneccl-nccl,valid,21.913172,25250.0,9.50445e-07,9.50445e-07,1e-06,0.14451,867.8483960396039,32.0,1.081061,0.484036,18.984854,0.031357
Bump_2911,1,2,58855164,3,sycl/acg-sycl-oneccl-nccl/suitesparse/Bump_2911/Bump_2911-rtol-1e-6-001-nodes-0002-procs-58855164-3-stdout.txt,acg-sycl-oneccl-nccl,valid,21.941359,25250.0,9.50445e-07,9.50445e-07,1e-06,0.14451,868.964712871287,32.0,1.0875,0.474429,19.007261,0.031235
Bump_2911,1,2,58855165,1,sycl/acg-sycl-oneccl-nccl/suitesparse/Bump_2911/Bump_2911-rtol-1e-6-001-nodes-0002-procs-58855165-1-stdout.txt,acg-sycl-oneccl-nccl,valid,21.91261,25250.0,9.50445e-07,9.50445e-07,1e-06,0.14451,867.8261386138614,32.0,1.084862,0.461841,19.010185,0.03263
Bump_2911,1,2,58855165,2,sycl/acg-sycl-oneccl-nccl/suitesparse/Bump_2911/Bump_2911-rtol-1e-6-001-nodes-0002-procs-58855165-2-stdout.txt,acg-sycl-oneccl-nccl,valid,21.928393,25250.0,9.50445e-07,9.50445e-07,1e-06,0.14451,868.4512079207921,32.0,1.089116,0.473536,19.015617,0.031936
Bump_2911,1,2,58855165,3,sycl/acg-sycl-oneccl-nccl/suitesparse/Bump_2911/Bump_2911-rtol-1e-6-001-nodes-0002-procs-58855165-3-stdout.txt,acg-sycl-oneccl-nccl,valid,21.916985,25250.0,9.50445e-07,9.50445e-07,1e-06,0.14451,867.9994059405941,32.0,1.085182,0.461297,18.994174,0.031672
Bump_2911,1,4,58855166,1,sycl/acg-sycl-oneccl-nccl/suitesparse/Bump_2911/Bump_2911-rtol-1e-6-001-nodes-0004-procs-58855166-1-stdout.txt,acg-sycl-oneccl-nccl,valid,11.860403,24993.0,9.917694e-07,9.91769e-07,1e-06,0.144584,474.5489937182411,32.0,0.436476,0.474537,9.614796,0.031333
Bump_2911,1,4,58855166,2,sycl/acg-sycl-oneccl-nccl/suitesparse/Bump_2911/Bump_2911-rtol-1e-6-001-nodes-0004-procs-58855166-2-stdout.txt,acg-sycl-oneccl-nccl,valid,11.836598,24993.0,9.917694e-07,9.91769e-07,1e-06,0.144584,473.59652702756773,32.0,0.433209,0.470747,9.603307,0.030191
Bump_2911,1,4,58855166,3,sycl/acg-sycl-oneccl-nccl/suitesparse/Bump_2911/Bump_2911-rtol-1e-6-001-nodes-0004-procs-58855166-3-stdout.txt,acg-sycl-oneccl-nccl,valid,11.85037,24993.0,9.917694e-07,9.91769e-07,1e-06,0.144584,474.1475613171688,32.0,0.43614,0.471932,9.617155,0.030976
Bump_2911,1,4,58855168,1,sycl/acg-sycl-oneccl-nccl/suitesparse/Bump_2911/Bump_2911-rtol-1e-6-001-nodes-0004-procs-58855168-1-stdout.txt,acg-sycl-oneccl-nccl,valid,11.865733,24993.0,9.917694e-07,9.91769e-07,1e-06,0.144584,474.7622534309607,32.0,0.432365,0.456717,9.634876,0.030734
Bump_2911,1,4,58855168,2,sycl/acg-sycl-oneccl-nccl/suitesparse/Bump_2911/Bump_2911-rtol-1e-6-001-nodes-0004-procs-58855168-2-stdout.txt,acg-sycl-oneccl-nccl,valid,11.87136,24993.0,9.917694e-07,9.91769e-07,1e-06,0.144584,474.98739647101183,32.0,0.43591,0.446121,9.643418,0.032262
Bump_2911,1,4,58855168,3,sycl/acg-sycl-oneccl-nccl/suitesparse/Bump_2911/Bump_2911-rtol-1e-6-001-nodes-0004-procs-58855168-3-stdout.txt,acg-sycl-oneccl-nccl,valid,11.861674,24993.0,9.917694e-07,9.91769e-07,1e-06,0.144584,474.5998479574281,32.0,0.433752,0.477374,9.57688,0.031584
Bump_2911,1,4,58855169,1,sycl/acg-sycl-oneccl-nccl/suitesparse/Bump_2911/Bump_2911-rtol-1e-6-001-nodes-0004-procs-58855169-1-stdout.txt,acg-sycl-oneccl-nccl,valid,11.868177,24993.0,9.917694e-07,9.91769e-07,1e-06,0.144584,474.86004081142715,32.0,0.437763,0.476657,9.620084,0.031336
Bump_2911,1,4,58855169,2,sycl/acg-sycl-oneccl-nccl/suitesparse/Bump_2911/Bump_2911-rtol-1e-6-001-nodes-0004-procs-58855169-2-stdout.txt,acg-sycl-oneccl-nccl,valid,11.861329,24993.0,9.917694e-07,9.91769e-07,1e-06,0.144584,474.58604409234584,32.0,0.432655,0.470728,9.633324,0.030956
Bump_2911,1,4,58855169,3,sycl/acg-sycl-oneccl-nccl/suitesparse/Bump_2911/Bump_2911-rtol-1e-6-001-nodes-0004-procs-58855169-3-stdout.txt,acg-sycl-oneccl-nccl,valid,11.864892,24993.0,9.917694e-07,9.91769e-07,1e-06,0.144584,474.7286040091225,32.0,0.433741,0.466922,9.635937,0.031179
Bump_2911,2,8,58855170,1,sycl/acg-sycl-oneccl-nccl/suitesparse/Bump_2911/Bump_2911-rtol-1e-6-002-nodes-0008-procs-58855170-1-stdout.txt,acg-sycl-oneccl-nccl,valid,10.491237,25941.0,9.518995e-07,9.519e-07,1e-06,0.14433,404.42685324389964,32.0,0.430926,1.348122,7.23787,0.033518
Bump_2911,2,8,58855170,2,sycl/acg-sycl-oneccl-nccl/suitesparse/Bump_2911/Bump_2911-rtol-1e-6-002-nodes-0008-procs-58855170-2-stdout.txt,acg-sycl-oneccl-nccl,valid,11.207359,25941.0,9.518995e-07,9.519e-07,1e-06,0.14433,432.0326510157666,32.0,0.4291,1.598193,7.69679,0.032688
Bump_2911,2,8,58855170,3,sycl/acg-sycl-oneccl-nccl/suitesparse/Bump_2911/Bump_2911-rtol-1e-6-002-nodes-0008-procs-58855170-3-stdout.txt,acg-sycl-oneccl-nccl,valid,10.238378,25941.0,9.518995e-07,9.519e-07,1e-06,0.14433,394.6793878416407,32.0,0.425711,1.313615,7.026925,0.033628
Bump_2911,2,8,58855173,1,sycl/acg-sycl-oneccl-nccl/suitesparse/Bump_2911/Bump_2911-rtol-1e-6-002-nodes-0008-procs-58855173-1-stdout.txt,acg-sycl-oneccl-nccl,valid,11.927588,25941.0,9.518995e-07,9.519e-07,1e-06,0.14433,459.79676959253686,32.0,0.42771,1.658989,8.371393,0.032324
Bump_2911,2,8,58855173,2,sycl/acg-sycl-oneccl-nccl/suitesparse/Bump_2911/Bump_2911-rtol-1e-6-002-nodes-0008-procs-58855173-2-stdout.txt,acg-sycl-oneccl-nccl,valid,11.500332,25941.0,9.518995e-07,9.519e-07,1e-06,0.14433,443.3264716086504,32.0,0.4301,1.654407,7.946257,0.03234
Bump_2911,2,8,58855173,3,sycl/acg-sycl-oneccl-nccl/suitesparse/Bump_2911/Bump_2911-rtol-1e-6-002-nodes-0008-procs-58855173-3-stdout.txt,acg-sycl-oneccl-nccl,valid,10.66508,25941.0,9.518995e-07,9.519e-07,1e-06,0.14433,411.12832967117686,32.0,0.427835,1.383998,7.380852,0.032675
Bump_2911,4,16,58855174,1,sycl/acg-sycl-oneccl-nccl/suitesparse/Bump_2911/Bump_2911-rtol-1e-6-004-nodes-0016-procs-58855174-1-stdout.txt,acg-sycl-oneccl-nccl,valid,11.850899,25744.0,9.866261e-07,9.86626e-07,1e-06,0.14439,460.3363502175264,32.0,0.329063,1.987971,7.891847,0.031867
Bump_2911,4,16,58855174,2,sycl/acg-sycl-oneccl-nccl/suitesparse/Bump_2911/Bump_2911-rtol-1e-6-004-nodes-0016-procs-58855174-2-stdout.txt,acg-sycl-oneccl-nccl,valid,11.779566,25744.0,9.866261e-07,9.86626e-07,1e-06,0.14439,457.56549098819147,32.0,0.330241,1.97661,7.840777,0.032741
Bump_2911,4,16,58855174,3,sycl/acg-sycl-oneccl-nccl/suitesparse/Bump_2911/Bump_2911-rtol-1e-6-004-nodes-0016-procs-58855174-3-stdout.txt,acg-sycl-oneccl-nccl,valid,12.029266,25744.0,9.866261e-07,9.86626e-07,1e-06,0.14439,467.26483840894963,32.0,0.331034,2.023649,8.015909,0.034094
Bump_2911,4,16,58855175,1,sycl/acg-sycl-oneccl-nccl/suitesparse/Bump_2911/Bump_2911-rtol-1e-6-004-nodes-0016-procs-58855175-1-stdout.txt,acg-sycl-oneccl-nccl,valid,14.81408,25744.0,9.866261e-07,9.86626e-07,1e-06,0.14439,575.4381603480423,32.0,0.330502,2.341824,10.529039,0.031882
Bump_2911,4,16,58855175,2,sycl/acg-sycl-oneccl-nccl/suitesparse/Bump_2911/Bump_2911-rtol-1e-6-004-nodes-0016-procs-58855175-2-stdout.txt,acg-sycl-oneccl-nccl,valid,11.266791,25744.0,9.866261e-07,9.86626e-07,1e-06,0.14439,437.6472576134245,32.0,0.329007,1.770056,7.54401,0.031885
Bump_2911,4,16,58855175,3,sycl/acg-sycl-oneccl-nccl/suitesparse/Bump_2911/Bump_2911-rtol-1e-6-004-nodes-0016-procs-58855175-3-stdout.txt,acg-sycl-oneccl-nccl,valid,11.946967,25744.0,9.866261e-07,9.86626e-07,1e-06,0.14439,464.06801584835307,32.0,0.328654,1.898801,8.084494,0.032556
Bump_2911,4,16,58855176,1,sycl/acg-sycl-oneccl-nccl/suitesparse/Bump_2911/Bump_2911-rtol-1e-6-004-nodes-0016-procs-58855176-1-stdout.txt,acg-sycl-oneccl-nccl,valid,9.272208,25744.0,9.866261e-07,9.86626e-07,1e-06,0.14439,360.16967060285884,32.0,0.327193,1.594776,5.713082,0.032733
Bump_2911,4,16,58855176,2,sycl/acg-sycl-oneccl-nccl/suitesparse/Bump_2911/Bump_2911-rtol-1e-6-004-nodes-0016-procs-58855176-2-stdout.txt,acg-sycl-oneccl-nccl,valid,10.79442,25744.0,9.866261e-07,9.86626e-07,1e-06,0.14439,419.29847731510256,32.0,0.331274,1.916657,6.894504,0.032113
Bump_2911,4,16,58855176,3,sycl/acg-sycl-oneccl-nccl/suitesparse/Bump_2911/Bump_2911-rtol-1e-6-004-nodes-0016-procs-58855176-3-stdout.txt,acg-sycl-oneccl-nccl,valid,8.437658,25744.0,9.866261e-07,9.86626e-07,1e-06,0.14439,327.75240832815416,32.0,0.331495,1.458047,5.015308,0.031389
Bump_2911,8,32,58855177,1,sycl/acg-sycl-oneccl-nccl/suitesparse/Bump_2911/Bump_2911-rtol-1e-6-008-nodes-0032-procs-58855177-1-stdout.txt,acg-sycl-oneccl-nccl,valid,13.710441,26038.0,9.623704e-07,9.6237e-07,1e-06,0.144305,526.5550733543283,32.0,0.322867,2.64358,8.708804,0.03322
Bump_2911,8,32,58855177,2,sycl/acg-sycl-oneccl-nccl/suitesparse/Bump_2911/Bump_2911-rtol-1e-6-008-nodes-0032-procs-58855177-2-stdout.txt,acg-sycl-oneccl-nccl,valid,15.147973,26038.0,9.623704e-07,9.6237e-07,1e-06,0.144305,581.7640755818419,32.0,0.325618,2.884602,9.876625,0.032559
Bump_2911,8,32,58855177,3,sycl/acg-sycl-oneccl-nccl/suitesparse/Bump_2911/Bump_2911-rtol-1e-6-008-nodes-0032-procs-58855177-3-stdout.txt,acg-sycl-oneccl-nccl,valid,12.975259,26038.0,9.623704e-07,9.6237e-07,1e-06,0.144305,498.3201090713572,32.0,0.323921,2.498314,8.091735,0.033939
Bump_2911,8,32,58855178,1,sycl/acg-sycl-oneccl-nccl/suitesparse/Bump_2911/Bump_2911-rtol-1e-6-008-nodes-0032-procs-58855178-1-stdout.txt,acg-sycl-oneccl-nccl,valid,13.146426,26038.0,9.623704e-07,9.6237e-07,1e-06,0.144305,504.89384745372155,32.0,0.321494,2.283224,8.459169,0.033051
Bump_2911,8,32,58855178,2,sycl/acg-sycl-oneccl-nccl/suitesparse/Bump_2911/Bump_2911-rtol-1e-6-008-nodes-0032-procs-58855178-2-stdout.txt,acg-sycl-oneccl-nccl,valid,12.422164,26038.0,9.623704e-07,9.6237e-07,1e-06,0.144305,477.07827022044705,32.0,0.322339,2.266544,7.772645,0.032677
Bump_2911,8,32,58855178,3,sycl/acg-sycl-oneccl-nccl/suitesparse/Bump_2911/Bump_2911-rtol-1e-6-008-nodes-0032-procs-58855178-3-stdout.txt,acg-sycl-oneccl-nccl,valid,9.713025,26038.0,9.623704e-07,9.6237e-07,1e-06,0.144305,373.03268300176666,32.0,0.32402,1.939587,5.393199,0.034023
Bump_2911,8,32,58855179,1,sycl/acg-sycl-oneccl-nccl/suitesparse/Bump_2911/Bump_2911-rtol-1e-6-008-nodes-0032-procs-58855179-1-stdout.txt,acg-sycl-oneccl-nccl,valid,21.23249,26038.0,9.623704e-07,9.6237e-07,1e-06,0.144305,815.4424302941853,32.0,0.322547,4.013657,14.840188,0.032842
Bump_2911,8,32,58855179,2,sycl/acg-sycl-oneccl-nccl/suitesparse/Bump_2911/Bump_2911-rtol-1e-6-008-nodes-0032-procs-58855179-2-stdout.txt,acg-sycl-oneccl-nccl,valid,18.042034,26038.0,9.623704e-07,9.6237e-07,1e-06,0.144305,692.9116675627929,32.0,0.324575,3.391233,12.247814,0.032887
Bump_2911,8,32,58855179,3,sycl/acg-sycl-oneccl-nccl/suitesparse/Bump_2911/Bump_2911-rtol-1e-6-008-nodes-0032-procs-58855179-3-stdout.txt,acg-sycl-oneccl-nccl,valid,20.964097,26038.0,9.623704e-07,9.6237e-07,1e-06,0.144305,805.1346877640372,32.0,0.324839,3.956875,14.598411,0.033555
Queen_4147,1,2,58856249,1,sycl/acg-sycl-oneccl-nccl/suitesparse/Queen_4147/Queen_4147-rtol-1e-6-001-nodes-0002-procs-58856249-1-stdout.txt,acg-sycl-oneccl-nccl,valid,49.127965,26515.0,9.863194e-07,9.86319e-07,1e-06,0.190161,1852.8366962096927,32.0,1.542005,0.436619,45.721573,0.033602
Queen_4147,1,2,58856249,2,sycl/acg-sycl-oneccl-nccl/suitesparse/Queen_4147/Queen_4147-rtol-1e-6-001-nodes-0002-procs-58856249-2-stdout.txt,acg-sycl-oneccl-nccl,valid,49.142651,26515.0,9.863194e-07,9.86319e-07,1e-06,0.190161,1853.3905713746935,32.0,1.542567,0.436247,45.733761,0.033036
Queen_4147,1,2,58856249,3,sycl/acg-sycl-oneccl-nccl/suitesparse/Queen_4147/Queen_4147-rtol-1e-6-001-nodes-0002-procs-58856249-3-stdout.txt,acg-sycl-oneccl-nccl,valid,49.133857,26515.0,9.863194e-07,9.86319e-07,1e-06,0.190161,1853.0589100509144,32.0,1.543218,0.441144,45.735806,0.032806
Queen_4147,1,2,58856250,1,sycl/acg-sycl-oneccl-nccl/suitesparse/Queen_4147/Queen_4147-rtol-1e-6-001-nodes-0002-procs-58856250-1-stdout.txt,acg-sycl-oneccl-nccl,valid,49.137014,26515.0,9.863194e-07,9.86319e-07,1e-06,0.190161,1853.1779747312844,32.0,1.538269,0.440296,45.701761,0.032635
Queen_4147,1,2,58856250,2,sycl/acg-sycl-oneccl-nccl/suitesparse/Queen_4147/Queen_4147-rtol-1e-6-001-nodes-0002-procs-58856250-2-stdout.txt,acg-sycl-oneccl-nccl,valid,49.146319,26515.0,9.863194e-07,9.86319e-07,1e-06,0.190161,1853.5289081651895,32.0,1.539416,0.443935,45.689184,0.032007
Queen_4147,1,2,58856250,3,sycl/acg-sycl-oneccl-nccl/suitesparse/Queen_4147/Queen_4147-rtol-1e-6-001-nodes-0002-procs-58856250-3-stdout.txt,acg-sycl-oneccl-nccl,valid,49.148136,26515.0,9.863194e-07,9.86319e-07,1e-06,0.190161,1853.5974354139166,32.0,1.54256,0.436387,45.719087,0.031776
Queen_4147,1,2,58856251,1,sycl/acg-sycl-oneccl-nccl/suitesparse/Queen_4147/Queen_4147-rtol-1e-6-001-nodes-0002-procs-58856251-1-stdout.txt,acg-sycl-oneccl-nccl,valid,49.135725,26515.0,9.863194e-07,9.86319e-07,1e-06,0.190161,1853.1293607392042,32.0,1.538665,0.429739,45.748624,0.033455
Queen_4147,1,2,58856251,2,sycl/acg-sycl-oneccl-nccl/suitesparse/Queen_4147/Queen_4147-rtol-1e-6-001-nodes-0002-procs-58856251-2-stdout.txt,acg-sycl-oneccl-nccl,valid,49.132516,26515.0,9.863194e-07,9.86319e-07,1e-06,0.190161,1853.008334904771,32.0,1.540503,0.428494,45.746199,0.033254
Queen_4147,1,2,58856251,3,sycl/acg-sycl-oneccl-nccl/suitesparse/Queen_4147/Queen_4147-rtol-1e-6-001-nodes-0002-procs-58856251-3-stdout.txt,acg-sycl-oneccl-nccl,valid,49.108067,26515.0,9.863194e-07,9.86319e-07,1e-06,0.190161,1852.0862530643033,32.0,1.539994,0.427558,45.734981,0.032974
Queen_4147,1,4,58856252,1,sycl/acg-sycl-oneccl-nccl/suitesparse/Queen_4147/Queen_4147-rtol-1e-6-001-nodes-0004-procs-58856252-1-stdout.txt,acg-sycl-oneccl-nccl,valid,25.558048,26403.0,9.764098e-07,9.7641e-07,1e-06,0.190167,967.9978790288982,32.0,0.437905,0.437839,23.07949,0.033371
Queen_4147,1,4,58856252,2,sycl/acg-sycl-oneccl-nccl/suitesparse/Queen_4147/Queen_4147-rtol-1e-6-001-nodes-0004-procs-58856252-2-stdout.txt,acg-sycl-oneccl-nccl,valid,25.548363,26403.0,9.764098e-07,9.7641e-07,1e-06,0.190167,967.631064651744,32.0,0.443787,0.444618,23.092926,0.032447
Queen_4147,1,4,58856252,3,sycl/acg-sycl-oneccl-nccl/suitesparse/Queen_4147/Queen_4147-rtol-1e-6-001-nodes-0004-procs-58856252-3-stdout.txt,acg-sycl-oneccl-nccl,valid,25.555934,26403.0,9.764098e-07,9.7641e-07,1e-06,0.190167,967.9178123698065,32.0,0.438827,0.443616,23.077451,0.032682
Queen_4147,1,4,58856253,1,sycl/acg-sycl-oneccl-nccl/suitesparse/Queen_4147/Queen_4147-rtol-1e-6-001-nodes-0004-procs-58856253-1-stdout.txt,acg-sycl-oneccl-nccl,valid,25.552319,26403.0,9.764098e-07,9.7641e-07,1e-06,0.190167,967.7808961102904,32.0,0.441085,0.446081,23.078756,0.033766
Queen_4147,1,4,58856253,2,sycl/acg-sycl-oneccl-nccl/suitesparse/Queen_4147/Queen_4147-rtol-1e-6-001-nodes-0004-procs-58856253-2-stdout.txt,acg-sycl-oneccl-nccl,valid,25.552194,26403.0,9.764098e-07,9.7641e-07,1e-06,0.190167,967.7761617997955,32.0,0.437757,0.456349,23.07222,0.032592
Queen_4147,1,4,58856253,3,sycl/acg-sycl-oneccl-nccl/suitesparse/Queen_4147/Queen_4147-rtol-1e-6-001-nodes-0004-procs-58856253-3-stdout.txt,acg-sycl-oneccl-nccl,valid,25.570035,26403.0,9.764098e-07,9.7641e-07,1e-06,0.190167,968.4518804681287,32.0,0.442685,0.447213,23.062524,0.032549
Queen_4147,1,4,58856254,1,sycl/acg-sycl-oneccl-nccl/suitesparse/Queen_4147/Queen_4147-rtol-1e-6-001-nodes-0004-procs-58856254-1-stdout.txt,acg-sycl-oneccl-nccl,valid,25.553095,26403.0,9.764098e-07,9.7641e-07,1e-06,0.190167,967.8102867098435,32.0,0.439811,0.451286,23.087931,0.032831
Queen_4147,1,4,58856254,2,sycl/acg-sycl-oneccl-nccl/suitesparse/Queen_4147/Queen_4147-rtol-1e-6-001-nodes-0004-procs-58856254-2-stdout.txt,acg-sycl-oneccl-nccl,valid,25.573258,26403.0,9.764098e-07,9.7641e-07,1e-06,0.190167,968.5739499299322,32.0,0.44052,0.439518,23.083628,0.032849
Queen_4147,1,4,58856254,3,sycl/acg-sycl-oneccl-nccl/suitesparse/Queen_4147/Queen_4147-rtol-1e-6-001-nodes-0004-procs-58856254-3-stdout.txt,acg-sycl-oneccl-nccl,valid,25.579643,26403.0,9.764098e-07,9.7641e-07,1e-06,0.190167,968.8157785100178,32.0,0.440231,0.435663,23.107694,0.032935
Queen_4147,2,8,58856255,1,sycl/acg-sycl-oneccl-nccl/suitesparse/Queen_4147/Queen_4147-rtol-1e-6-002-nodes-0008-procs-58856255-1-stdout.txt,acg-sycl-oneccl-nccl,valid,18.086238,26280.0,9.917541e-07,9.91754e-07,1e-06,0.190172,688.2130136986302,32.0,0.360523,1.454837,14.686158,0.032534
Queen_4147,2,8,58856255,2,sycl/acg-sycl-oneccl-nccl/suitesparse/Queen_4147/Queen_4147-rtol-1e-6-002-nodes-0008-procs-58856255-2-stdout.txt,acg-sycl-oneccl-nccl,valid,17.967173,26280.0,9.917541e-07,9.91754e-07,1e-06,0.190172,683.6823820395738,32.0,0.362832,1.418124,14.562417,0.033404
Queen_4147,2,8,58856255,3,sycl/acg-sycl-oneccl-nccl/suitesparse/Queen_4147/Queen_4147-rtol-1e-6-002-nodes-0008-procs-58856255-3-stdout.txt,acg-sycl-oneccl-nccl,valid,17.509848,26280.0,9.917541e-07,9.91754e-07,1e-06,0.190172,666.2803652968038,32.0,0.363259,1.318495,14.226449,0.032018
Queen_4147,2,8,58856256,1,sycl/acg-sycl-oneccl-nccl/suitesparse/Queen_4147/Queen_4147-rtol-1e-6-002-nodes-0008-procs-58856256-1-stdout.txt,acg-sycl-oneccl-nccl,valid,18.911264,26280.0,9.917541e-07,9.91754e-07,1e-06,0.190172,719.6066971080669,32.0,0.364936,1.704678,15.221564,0.034267
Queen_4147,2,8,58856256,2,sycl/acg-sycl-oneccl-nccl/suitesparse/Queen_4147/Queen_4147-rtol-1e-6-002-nodes-0008-procs-58856256-2-stdout.txt,acg-sycl-oneccl-nccl,valid,17.858679,26280.0,9.917541e-07,9.91754e-07,1e-06,0.190172,679.55399543379,32.0,0.364755,1.42074,14.479887,0.033716
Queen_4147,2,8,58856256,3,sycl/acg-sycl-oneccl-nccl/suitesparse/Queen_4147/Queen_4147-rtol-1e-6-002-nodes-0008-procs-58856256-3-stdout.txt,acg-sycl-oneccl-nccl,valid,17.783441,26280.0,9.917541e-07,9.91754e-07,1e-06,0.190172,676.6910578386606,32.0,0.363093,1.355176,14.458339,0.032745
Queen_4147,2,8,58856257,1,sycl/acg-sycl-oneccl-nccl/suitesparse/Queen_4147/Queen_4147-rtol-1e-6-002-nodes-0008-procs-58856257-1-stdout.txt,acg-sycl-oneccl-nccl,valid,18.345131,26280.0,9.917541e-07,9.91754e-07,1e-06,0.190172,698.0643455098933,32.0,0.359646,1.485266,14.892749,0.03265
Queen_4147,2,8,58856257,2,sycl/acg-sycl-oneccl-nccl/suitesparse/Queen_4147/Queen_4147-rtol-1e-6-002-nodes-0008-procs-58856257-2-stdout.txt,acg-sycl-oneccl-nccl,valid,18.194486,26280.0,9.917541e-07,9.91754e-07,1e-06,0.190172,692.3320395738205,32.0,0.362112,1.416353,14.797585,0.03334
Queen_4147,2,8,58856257,3,sycl/acg-sycl-oneccl-nccl/suitesparse/Queen_4147/Queen_4147-rtol-1e-6-002-nodes-0008-procs-58856257-3-stdout.txt,acg-sycl-oneccl-nccl,valid,18.632,26280.0,9.917541e-07,9.91754e-07,1e-06,0.190172,708.9802130898022,32.0,0.363828,1.4631,15.187515,0.033515
Queen_4147,4,16,58856258,1,sycl/acg-sycl-oneccl-nccl/suitesparse/Queen_4147/Queen_4147-rtol-1e-6-004-nodes-0016-procs-58856258-1-stdout.txt,acg-sycl-oneccl-nccl,valid,14.752689,26468.0,9.91788e-07,9.91788e-07,1e-06,0.190164,557.378305878797,32.0,0.347491,2.20092,10.165442,0.032445
Queen_4147,4,16,58856258,2,sycl/acg-sycl-oneccl-nccl/suitesparse/Queen_4147/Queen_4147-rtol-1e-6-004-nodes-0016-procs-58856258-2-stdout.txt,acg-sycl-oneccl-nccl,valid,15.309867,26468.0,9.91788e-07,9.91788e-07,1e-06,0.190164,578.4293108659514,32.0,0.348978,2.278119,10.6634,0.033354
Queen_4147,4,16,58856258,3,sycl/acg-sycl-oneccl-nccl/suitesparse/Queen_4147/Queen_4147-rtol-1e-6-004-nodes-0016-procs-58856258-3-stdout.txt,acg-sycl-oneccl-nccl,valid,17.734077,26468.0,9.91788e-07,9.91788e-07,1e-06,0.190164,670.0195330210064,32.0,0.348662,2.773222,12.575953,0.033937
Queen_4147,4,16,58856259,1,sycl/acg-sycl-oneccl-nccl/suitesparse/Queen_4147/Queen_4147-rtol-1e-6-004-nodes-0016-procs-58856259-1-stdout.txt,acg-sycl-oneccl-nccl,valid,17.576006,26468.0,9.91788e-07,9.91788e-07,1e-06,0.190164,664.0473779658455,32.0,0.348931,3.21823,11.997608,0.034744
Queen_4147,4,16,58856259,2,sycl/acg-sycl-oneccl-nccl/suitesparse/Queen_4147/Queen_4147-rtol-1e-6-004-nodes-0016-procs-58856259-2-stdout.txt,acg-sycl-oneccl-nccl,valid,21.276005,26468.0,9.91788e-07,9.91788e-07,1e-06,0.190164,803.8387864591205,32.0,0.348209,3.622964,15.303469,0.034132
Queen_4147,4,16,58856259,3,sycl/acg-sycl-oneccl-nccl/suitesparse/Queen_4147/Queen_4147-rtol-1e-6-004-nodes-0016-procs-58856259-3-stdout.txt,acg-sycl-oneccl-nccl,valid,15.35507,26468.0,9.91788e-07,9.91788e-07,1e-06,0.190164,580.1371467432372,32.0,0.349747,2.565269,10.375653,0.033493
Queen_4147,4,16,58856260,1,sycl/acg-sycl-oneccl-nccl/suitesparse/Queen_4147/Queen_4147-rtol-1e-6-004-nodes-0016-procs-58856260-1-stdout.txt,acg-sycl-oneccl-nccl,valid,14.848782,26468.0,9.91788e-07,9.91788e-07,1e-06,0.190164,561.00884086444,32.0,0.349328,2.365006,10.122726,0.034062
Queen_4147,4,16,58856260,2,sycl/acg-sycl-oneccl-nccl/suitesparse/Queen_4147/Queen_4147-rtol-1e-6-004-nodes-0016-procs-58856260-2-stdout.txt,acg-sycl-oneccl-nccl,valid,14.951871,26468.0,9.91788e-07,9.91788e-07,1e-06,0.190164,564.9036950279583,32.0,0.34977,2.280826,10.290407,0.034045
Queen_4147,4,16,58856260,3,sycl/acg-sycl-oneccl-nccl/suitesparse/Queen_4147/Queen_4147-rtol-1e-6-004-nodes-0016-procs-58856260-3-stdout.txt,acg-sycl-oneccl-nccl,valid,15.671808,26468.0,9.91788e-07,9.91788e-07,1e-06,0.190164,592.1039746108509,32.0,0.347992,2.466132,10.845586,0.033252
Queen_4147,8,32,58856261,1,sycl/acg-sycl-oneccl-nccl/suitesparse/Queen_4147/Queen_4147-rtol-1e-6-008-nodes-0032-procs-58856261-1-stdout.txt,acg-sycl-oneccl-nccl,valid,13.340432,25807.0,9.94843e-07,9.94843e-07,1e-06,0.190196,516.9307552214516,32.0,0.314941,1.511645,9.826457,0.031769
Queen_4147,8,32,58856261,2,sycl/acg-sycl-oneccl-nccl/suitesparse/Queen_4147/Queen_4147-rtol-1e-6-008-nodes-0032-procs-58856261-2-stdout.txt,acg-sycl-oneccl-nccl,valid,16.431959,25807.0,9.94843e-07,9.94843e-07,1e-06,0.190196,636.724880846282,32.0,0.310135,1.837007,12.565781,0.032454
Queen_4147,8,32,58856261,3,sycl/acg-sycl-oneccl-nccl/suitesparse/Queen_4147/Queen_4147-rtol-1e-6-008-nodes-0032-procs-58856261-3-stdout.txt,acg-sycl-oneccl-nccl,valid,11.416465,25807.0,9.94843e-07,9.94843e-07,1e-06,0.190196,442.3786182043632,32.0,0.314992,1.195772,8.168575,0.032172
Queen_4147,8,32,58856262,1,sycl/acg-sycl-oneccl-nccl/suitesparse/Queen_4147/Queen_4147-rtol-1e-6-008-nodes-0032-procs-58856262-1-stdout.txt,acg-sycl-oneccl-nccl,valid,18.293391,25807.0,9.94843e-07,9.94843e-07,1e-06,0.190196,708.8538381059403,32.0,0.311319,2.860967,13.394477,0.032372
Queen_4147,8,32,58856262,2,sycl/acg-sycl-oneccl-nccl/suitesparse/Queen_4147/Queen_4147-rtol-1e-6-008-nodes-0032-procs-58856262-2-stdout.txt,acg-sycl-oneccl-nccl,valid,13.747696,25807.0,9.94843e-07,9.94843e-07,1e-06,0.190196,532.7118998721277,32.0,0.314522,1.866229,9.85036,0.032359
Queen_4147,8,32,58856262,3,sycl/acg-sycl-oneccl-nccl/suitesparse/Queen_4147/Queen_4147-rtol-1e-6-008-nodes-0032-procs-58856262-3-stdout.txt,acg-sycl-oneccl-nccl,valid,15.133341,25807.0,9.94843e-07,9.94843e-07,1e-06,0.190196,586.4045026543185,32.0,0.309989,2.131615,10.976505,0.032649
Queen_4147,8,32,58856263,1,sycl/acg-sycl-oneccl-nccl/suitesparse/Queen_4147/Queen_4147-rtol-1e-6-008-nodes-0032-procs-58856263-1-stdout.txt,acg-sycl-oneccl-nccl,valid,25.894432,25807.0,9.94843e-07,9.94843e-07,1e-06,0.190196,1003.3879180067423,32.0,0.311821,3.700641,20.162892,0.032146
Queen_4147,8,32,58856263,2,sycl/acg-sycl-oneccl-nccl/suitesparse/Queen_4147/Queen_4147-rtol-1e-6-008-nodes-0032-procs-58856263-2-stdout.txt,acg-sycl-oneccl-nccl,valid,20.451501,25807.0,9.94843e-07,9.94843e-07,1e-06,0.190196,792.478823574999,32.0,0.314815,2.733753,15.644879,0.03213
Queen_4147,8,32,58856263,3,sycl/acg-sycl-oneccl-nccl/suitesparse/Queen_4147/Queen_4147-rtol-1e-6-008-nodes-0032-procs-58856263-3-stdout.txt,acg-sycl-oneccl-nccl,valid,26.06501,25807.0,9.94843e-07,9.94843e-07,1e-06,0.190196,1009.9976750494052,32.0,0.313642,3.506965,20.499202,0.032454
Bump_2911,1,1,58855160,1,sycl/acg-sycl-single/suitesparse/Bump_2911/Bump_2911-rtol-1e-6-001-nodes-0001-procs-58855160-1-stdout.txt,acg-sycl-single,valid,37.863471,25354.0,8.90251e-07,8.90251e-07,1e-06,0.14446,1493.3924035655123,32.0,0.0,0.0,0.0,36.829978
Bump_2911,1,1,58855160,2,sycl/acg-sycl-single/suitesparse/Bump_2911/Bump_2911-rtol-1e-6-001-nodes-0001-procs-58855160-2-stdout.txt,acg-sycl-single,valid,37.873193,25354.0,8.90251e-07,8.90251e-07,1e-06,0.14446,1493.7758539086535,32.0,0.0,0.0,0.0,36.843483
Bump_2911,1,1,58855160,3,sycl/acg-sycl-single/suitesparse/Bump_2911/Bump_2911-rtol-1e-6-001-nodes-0001-procs-58855160-3-stdout.txt,acg-sycl-single,valid,37.872264,25354.0,8.90251e-07,8.90251e-07,1e-06,0.14446,1493.7392127474955,32.0,0.0,0.0,0.0,36.836245
Bump_2911,1,1,58855161,1,sycl/acg-sycl-single/suitesparse/Bump_2911/Bump_2911-rtol-1e-6-001-nodes-0001-procs-58855161-1-stdout.txt,acg-sycl-single,valid,37.887737,25354.0,8.90251e-07,8.90251e-07,1e-06,0.14446,1494.3494912045437,32.0,0.0,0.0,0.0,36.865385
Bump_2911,1,1,58855161,2,sycl/acg-sycl-single/suitesparse/Bump_2911/Bump_2911-rtol-1e-6-001-nodes-0001-procs-58855161-2-stdout.txt,acg-sycl-single,valid,37.874062,25354.0,8.90251e-07,8.90251e-07,1e-06,0.14446,1493.810128579317,32.0,0.0,0.0,0.0,36.835498
Bump_2911,1,1,58855161,3,sycl/acg-sycl-single/suitesparse/Bump_2911/Bump_2911-rtol-1e-6-001-nodes-0001-procs-58855161-3-stdout.txt,acg-sycl-single,valid,37.891068,25354.0,8.90251e-07,8.90251e-07,1e-06,0.14446,1494.480870868502,32.0,0.0,0.0,0.0,36.87414
Bump_2911,1,1,58855162,1,sycl/acg-sycl-single/suitesparse/Bump_2911/Bump_2911-rtol-1e-6-001-nodes-0001-procs-58855162-1-stdout.txt,acg-sycl-single,valid,37.867546,25354.0,8.90251e-07,8.90251e-07,1e-06,0.14446,1493.5531277116036,32.0,0.0,0.0,0.0,36.834777
Bump_2911,1,1,58855162,2,sycl/acg-sycl-single/suitesparse/Bump_2911/Bump_2911-rtol-1e-6-001-nodes-0001-procs-58855162-2-stdout.txt,acg-sycl-single,valid,37.882198,25354.0,8.90251e-07,8.90251e-07,1e-06,0.14446,1494.1310246903843,32.0,0.0,0.0,0.0,36.859028
Bump_2911,1,1,58855162,3,sycl/acg-sycl-single/suitesparse/Bump_2911/Bump_2911-rtol-1e-6-001-nodes-0001-procs-58855162-3-stdout.txt,acg-sycl-single,valid,37.881696,25354.0,8.90251e-07,8.90251e-07,1e-06,0.14446,1494.111225053246,32.0,0.0,0.0,0.0,36.842707
Queen_4147,1,1,58856246,1,sycl/acg-sycl-single/suitesparse/Queen_4147/Queen_4147-rtol-1e-6-001-nodes-0001-procs-58856246-1-stdout.txt,acg-sycl-single,valid,90.180553,26437.0,9.986807e-07,9.98681e-07,1e-06,0.190166,3411.149260506109,32.0,0.0,0.0,0.0,88.983844
Queen_4147,1,1,58856246,2,sycl/acg-sycl-single/suitesparse/Queen_4147/Queen_4147-rtol-1e-6-001-nodes-0001-procs-58856246-2-stdout.txt,acg-sycl-single,valid,90.185178,26437.0,9.986807e-07,9.98681e-07,1e-06,0.190166,3411.3242047130916,32.0,0.0,0.0,0.0,88.975581
Queen_4147,1,1,58856246,3,sycl/acg-sycl-single/suitesparse/Queen_4147/Queen_4147-rtol-1e-6-001-nodes-0001-procs-58856246-3-stdout.txt,acg-sycl-single,valid,90.191928,26437.0,9.986807e-07,9.98681e-07,1e-06,0.190166,3411.57952869085,32.0,0.0,0.0,0.0,89.031174
Queen_4147,1,1,58856247,1,sycl/acg-sycl-single/suitesparse/Queen_4147/Queen_4147-rtol-1e-6-001-nodes-0001-procs-58856247-1-stdout.txt,acg-sycl-single,valid,90.154081,26437.0,9.986807e-07,9.98681e-07,1e-06,0.190166,3410.1479366040026,32.0,0.0,0.0,0.0,89.077925
Queen_4147,1,1,58856247,2,sycl/acg-sycl-single/suitesparse/Queen_4147/Queen_4147-rtol-1e-6-001-nodes-0001-procs-58856247-2-stdout.txt,acg-sycl-single,valid,90.165664,26437.0,9.986807e-07,9.98681e-07,1e-06,0.190166,3410.5860725498355,32.0,0.0,0.0,0.0,89.084011
Queen_4147,1,1,58856247,3,sycl/acg-sycl-single/suitesparse/Queen_4147/Queen_4147-rtol-1e-6-001-nodes-0001-procs-58856247-3-stdout.txt,acg-sycl-single,valid,90.153675,26437.0,9.986807e-07,9.98681e-07,1e-06,0.190166,3410.132579339562,32.0,0.0,0.0,0.0,89.071727
Queen_4147,1,1,58856248,1,sycl/acg-sycl-single/suitesparse/Queen_4147/Queen_4147-rtol-1e-6-001-nodes-0001-procs-58856248-1-stdout.txt,acg-sycl-single,valid,90.172227,26437.0,9.986807e-07,9.98681e-07,1e-06,0.190166,3410.834323107766,32.0,0.0,0.0,0.0,89.046482
Queen_4147,1,1,58856248,2,sycl/acg-sycl-single/suitesparse/Queen_4147/Queen_4147-rtol-1e-6-001-nodes-0001-procs-58856248-2-stdout.txt,acg-sycl-single,valid,90.159631,26437.0,9.986807e-07,9.98681e-07,1e-06,0.190166,3410.3578696523814,32.0,0.0,0.0,0.0,89.060363
Queen_4147,1,1,58856248,3,sycl/acg-sycl-single/suitesparse/Queen_4147/Queen_4147-rtol-1e-6-001-nodes-0001-procs-58856248-3-stdout.txt,acg-sycl-single,valid,90.192862,26437.0,9.986807e-07,9.98681e-07,1e-06,0.190166,3411.6148579642168,32.0,0.0,0.0,0.0,89.025733
