matrix,nodes,ranks,job,trial,source,backend,status,solver_s,iterations,relative_residual,tolerance,error_norm,iteration_us
Bump_2911,1,2,58855163,1,backups-sycl/acg-cg-nccl/suitesparse/Bump_2911/Bump_2911-rtol-1e-6-001-nodes-0002-procs-58855163-1-stderr.txt,acg-cg-nccl,valid,21.940375,25398.0,9.95759964482703e-07,1e-06,0.144493206807139,863.8623119930703
Bump_2911,1,2,58855163,2,backups-sycl/acg-cg-nccl/suitesparse/Bump_2911/Bump_2911-rtol-1e-6-001-nodes-0002-procs-58855163-2-stderr.txt,acg-cg-nccl,valid,21.183584,24534.0,9.782843436868491e-07,1e-06,0.144701510487851,863.4378413630064
Bump_2911,1,2,58855163,3,backups-sycl/acg-cg-nccl/suitesparse/Bump_2911/Bump_2911-rtol-1e-6-001-nodes-0002-procs-58855163-3-stderr.txt,acg-cg-nccl,valid,22.231235,25791.0,9.227575463145976e-07,1e-06,0.14436744363632,861.9764646582141
Bump_2911,1,2,58855164,1,backups-sycl/acg-cg-nccl/suitesparse/Bump_2911/Bump_2911-rtol-1e-6-001-nodes-0002-procs-58855164-1-stderr.txt,acg-cg-nccl,valid,21.833999,25462.0,9.860782591382425e-07,1e-06,0.144452281414975,857.5131175869923
Bump_2911,1,2,58855164,2,backups-sycl/acg-cg-nccl/suitesparse/Bump_2911/Bump_2911-rtol-1e-6-001-nodes-0002-procs-58855164-2-stderr.txt,acg-cg-nccl,valid,22.242618,25979.0,9.783796714799347e-07,1e-06,0.144333706553573,856.1768351360714
Bump_2911,1,2,58855164,3,backups-sycl/acg-cg-nccl/suitesparse/Bump_2911/Bump_2911-rtol-1e-6-001-nodes-0002-procs-58855164-3-stderr.txt,acg-cg-nccl,valid,22.331894,26049.0,9.74683199814156e-07,1e-06,0.144307789949231,857.3033129870628
Bump_2911,1,2,58855165,1,backups-sycl/acg-cg-nccl/suitesparse/Bump_2911/Bump_2911-rtol-1e-6-001-nodes-0002-procs-58855165-1-stderr.txt,acg-cg-nccl,valid,21.551169,25142.0,9.919453682354974e-07,1e-06,0.144535218356207,857.1779890223531
Bump_2911,1,2,58855165,2,backups-sycl/acg-cg-nccl/suitesparse/Bump_2911/Bump_2911-rtol-1e-6-001-nodes-0002-procs-58855165-2-stderr.txt,acg-cg-nccl,valid,21.364047,24951.0,9.94465284184568e-07,1e-06,0.144595588408116,856.2401106168089
Bump_2911,1,2,58855165,3,backups-sycl/acg-cg-nccl/suitesparse/Bump_2911/Bump_2911-rtol-1e-6-001-nodes-0002-procs-58855165-3-stderr.txt,acg-cg-nccl,valid,21.686727,25320.0,9.130807615029642e-07,1e-06,0.144480194275259,856.5058056872039
Bump_2911,1,4,58855166,1,backups-sycl/acg-cg-nccl/suitesparse/Bump_2911/Bump_2911-rtol-1e-6-001-nodes-0004-procs-58855166-1-stderr.txt,acg-cg-nccl,valid,12.506359,25449.0,9.290751052469948e-07,1e-06,0.144458846859819,491.42830759558336
Bump_2911,1,4,58855166,2,backups-sycl/acg-cg-nccl/suitesparse/Bump_2911/Bump_2911-rtol-1e-6-001-nodes-0004-procs-58855166-2-stderr.txt,acg-cg-nccl,valid,12.500363,25422.0,9.976426598612274e-07,1e-06,0.144469068678145,491.7143812445913
Bump_2911,1,4,58855166,3,backups-sycl/acg-cg-nccl/suitesparse/Bump_2911/Bump_2911-rtol-1e-6-001-nodes-0004-procs-58855166-3-stderr.txt,acg-cg-nccl,valid,12.672789,25799.0,9.952563785314043e-07,1e-06,0.144366282356221,491.2124113337726
Bump_2911,1,4,58855168,1,backups-sycl/acg-cg-nccl/suitesparse/Bump_2911/Bump_2911-rtol-1e-6-001-nodes-0004-procs-58855168-1-stderr.txt,acg-cg-nccl,valid,12.827142,26142.0,9.722305973882135e-07,1e-06,0.144271400228384,490.6717925177874
Bump_2911,1,4,58855168,2,backups-sycl/acg-cg-nccl/suitesparse/Bump_2911/Bump_2911-rtol-1e-6-001-nodes-0004-procs-58855168-2-stderr.txt,acg-cg-nccl,valid,12.314669,25079.0,9.953621277740557e-07,1e-06,0.144558502766052,491.0350891183859
Bump_2911,1,4,58855168,3,backups-sycl/acg-cg-nccl/suitesparse/Bump_2911/Bump_2911-rtol-1e-6-001-nodes-0004-procs-58855168-3-stderr.txt,acg-cg-nccl,valid,12.50545,25482.0,9.794484523734025e-07,1e-06,0.14446020558441,490.75622007691703
Bump_2911,1,4,58855169,1,backups-sycl/acg-cg-nccl/suitesparse/Bump_2911/Bump_2911-rtol-1e-6-001-nodes-0004-procs-58855169-1-stderr.txt,acg-cg-nccl,valid,12.279498,24961.0,9.867598531765485e-07,1e-06,0.144596883377789,491.9473578782901
Bump_2911,1,4,58855169,2,backups-sycl/acg-cg-nccl/suitesparse/Bump_2911/Bump_2911-rtol-1e-6-001-nodes-0004-procs-58855169-2-stderr.txt,acg-cg-nccl,valid,12.466349,25352.0,9.739274888753148e-07,1e-06,0.14447518281347,491.7303960239823
Bump_2911,1,4,58855169,3,backups-sycl/acg-cg-nccl/suitesparse/Bump_2911/Bump_2911-rtol-1e-6-001-nodes-0004-procs-58855169-3-stderr.txt,acg-cg-nccl,valid,12.27469,24957.0,9.383969464777136e-07,1e-06,0.144576158712372,491.8335537123853
Bump_2911,2,8,58855170,1,backups-sycl/acg-cg-nccl/suitesparse/Bump_2911/Bump_2911-rtol-1e-6-002-nodes-0008-procs-58855170-1-stderr.txt,acg-cg-nccl,valid,10.945714,25669.0,9.615351887629103e-07,1e-06,0.144410981326718,426.4176243718104
Bump_2911,2,8,58855170,2,backups-sycl/acg-cg-nccl/suitesparse/Bump_2911/Bump_2911-rtol-1e-6-002-nodes-0008-procs-58855170-2-stderr.txt,acg-cg-nccl,valid,10.346555,25190.0,9.997048007899992e-07,1e-06,0.144532532685691,410.7405716554188
Bump_2911,2,8,58855170,3,backups-sycl/acg-cg-nccl/suitesparse/Bump_2911/Bump_2911-rtol-1e-6-002-nodes-0008-procs-58855170-3-stderr.txt,acg-cg-nccl,valid,10.66989,25456.0,9.80111477797447e-07,1e-06,0.144451240046346,419.1502985543683
Bump_2911,2,8,58855173,1,backups-sycl/acg-cg-nccl/suitesparse/Bump_2911/Bump_2911-rtol-1e-6-002-nodes-0008-procs-58855173-1-stderr.txt,acg-cg-nccl,valid,10.041562,25937.0,9.415504296165178e-07,1e-06,0.144344787322411,387.152022207657
Bump_2911,2,8,58855173,2,backups-sycl/acg-cg-nccl/suitesparse/Bump_2911/Bump_2911-rtol-1e-6-002-nodes-0008-procs-58855173-2-stderr.txt,acg-cg-nccl,valid,11.960415,25845.0,9.661839797554358e-07,1e-06,0.144373402858572,462.7748113755078
Bump_2911,2,8,58855173,3,backups-sycl/acg-cg-nccl/suitesparse/Bump_2911/Bump_2911-rtol-1e-6-002-nodes-0008-procs-58855173-3-stderr.txt,acg-cg-nccl,valid,10.605158,25425.0,9.305940963289293e-07,1e-06,0.144487936824239,417.1153588987217
Bump_2911,4,16,58855174,1,backups-sycl/acg-cg-nccl/suitesparse/Bump_2911/Bump_2911-rtol-1e-6-004-nodes-0016-procs-58855174-1-stderr.txt,acg-cg-nccl,valid,18.488402,26240.0,9.738667379514235e-07,1e-06,0.144277019213737,704.5884908536585
Bump_2911,4,16,58855174,2,backups-sycl/acg-cg-nccl/suitesparse/Bump_2911/Bump_2911-rtol-1e-6-004-nodes-0016-procs-58855174-2-stderr.txt,acg-cg-nccl,valid,9.90873,25301.0,9.151617376406079e-07,1e-06,0.1444949142094,391.63392751274654
Bump_2911,4,16,58855174,3,backups-sycl/acg-cg-nccl/suitesparse/Bump_2911/Bump_2911-rtol-1e-6-004-nodes-0016-procs-58855174-3-stderr.txt,acg-cg-nccl,valid,18.446751,25218.0,9.436668636704508e-07,1e-06,0.144505712557036,731.4914346895075
Bump_2911,4,16,58855175,1,backups-sycl/acg-cg-nccl/suitesparse/Bump_2911/Bump_2911-rtol-1e-6-004-nodes-0016-procs-58855175-1-stderr.txt,acg-cg-nccl,valid,12.995901,25518.0,9.881351899645462e-07,1e-06,0.14444939291718,509.2836821067482
Bump_2911,4,16,58855175,2,backups-sycl/acg-cg-nccl/suitesparse/Bump_2911/Bump_2911-rtol-1e-6-004-nodes-0016-procs-58855175-2-stderr.txt,acg-cg-nccl,valid,16.040835,26060.0,9.829390477708887e-07,1e-06,0.144311819559072,615.5347275518036
Bump_2911,4,16,58855175,3,backups-sycl/acg-cg-nccl/suitesparse/Bump_2911/Bump_2911-rtol-1e-6-004-nodes-0016-procs-58855175-3-stderr.txt,acg-cg-nccl,valid,18.678247,26209.0,9.727691666871512e-07,1e-06,0.144342226970878,712.6653821206456
Bump_2911,4,16,58855176,1,backups-sycl/acg-cg-nccl/suitesparse/Bump_2911/Bump_2911-rtol-1e-6-004-nodes-0016-procs-58855176-1-stderr.txt,acg-cg-nccl,valid,11.918682,25558.0,9.98894702978347e-07,1e-06,0.144446075507734,466.33860239455356
Bump_2911,4,16,58855176,2,backups-sycl/acg-cg-nccl/suitesparse/Bump_2911/Bump_2911-rtol-1e-6-004-nodes-0016-procs-58855176-2-stderr.txt,acg-cg-nccl,valid,9.106362,25288.0,9.813535484348285e-07,1e-06,0.144488059487052,360.10605820942743
Bump_2911,4,16,58855176,3,backups-sycl/acg-cg-nccl/suitesparse/Bump_2911/Bump_2911-rtol-1e-6-004-nodes-0016-procs-58855176-3-stderr.txt,acg-cg-nccl,valid,8.720593,25066.0,9.811970614290392e-07,1e-06,0.144543560392955,347.90525013963133
Bump_2911,8,32,58855177,1,backups-sycl/acg-cg-nccl/suitesparse/Bump_2911/Bump_2911-rtol-1e-6-008-nodes-0032-procs-58855177-1-stderr.txt,acg-cg-nccl,valid,16.627288,25710.0,9.52979401490572e-07,1e-06,0.144364122040897,646.7245429793854
Bump_2911,8,32,58855177,2,backups-sycl/acg-cg-nccl/suitesparse/Bump_2911/Bump_2911-rtol-1e-6-008-nodes-0032-procs-58855177-2-stderr.txt,acg-cg-nccl,valid,20.255066,25671.0,9.601358257790816e-07,1e-06,0.14439922634513,789.0252035370652
Bump_2911,8,32,58855177,3,backups-sycl/acg-cg-nccl/suitesparse/Bump_2911/Bump_2911-rtol-1e-6-008-nodes-0032-procs-58855177-3-stderr.txt,acg-cg-nccl,valid,17.851541,25427.0,9.660044671610025e-07,1e-06,0.144449407965942,702.0702796240217
Bump_2911,8,32,58855178,1,backups-sycl/acg-cg-nccl/suitesparse/Bump_2911/Bump_2911-rtol-1e-6-008-nodes-0032-procs-58855178-1-stderr.txt,acg-cg-nccl,valid,16.934265,25638.0,9.733419073127287e-07,1e-06,0.144391256433881,660.5142756845307
Bump_2911,8,32,58855178,2,backups-sycl/acg-cg-nccl/suitesparse/Bump_2911/Bump_2911-rtol-1e-6-008-nodes-0032-procs-58855178-2-stderr.txt,acg-cg-nccl,valid,18.870576,25348.0,9.90177490430631e-07,1e-06,0.14450869119019,744.4601546473094
Bump_2911,8,32,58855178,3,backups-sycl/acg-cg-nccl/suitesparse/Bump_2911/Bump_2911-rtol-1e-6-008-nodes-0032-procs-58855178-3-stderr.txt,acg-cg-nccl,valid,15.190035,25369.0,9.763357283531908e-07,1e-06,0.144479208391899,598.7636485474399
Bump_2911,8,32,58855179,1,backups-sycl/acg-cg-nccl/suitesparse/Bump_2911/Bump_2911-rtol-1e-6-008-nodes-0032-procs-58855179-1-stderr.txt,acg-cg-nccl,valid,19.16926,25630.0,9.77386179631524e-07,1e-06,0.144425798421263,747.922746781116
Bump_2911,8,32,58855179,2,backups-sycl/acg-cg-nccl/suitesparse/Bump_2911/Bump_2911-rtol-1e-6-008-nodes-0032-procs-58855179-2-stderr.txt,acg-cg-nccl,valid,22.249667,25994.0,9.519758365139973e-07,1e-06,0.144311913131515,855.9539509117487
Bump_2911,8,32,58855179,3,backups-sycl/acg-cg-nccl/suitesparse/Bump_2911/Bump_2911-rtol-1e-6-008-nodes-0032-procs-58855179-3-stderr.txt,acg-cg-nccl,valid,23.770034,25365.0,9.845485040340148e-07,1e-06,0.144479985625784,937.1194165188251
Queen_4147,1,2,58856249,1,backups-sycl/acg-cg-nccl/suitesparse/Queen_4147/Queen_4147-rtol-1e-6-001-nodes-0002-procs-58856249-1-stderr.txt,acg-cg-nccl,valid,48.350852,26444.0,9.571128367100149e-07,1e-06,0.190165247929635,1828.424292845258
Queen_4147,1,2,58856249,2,backups-sycl/acg-cg-nccl/suitesparse/Queen_4147/Queen_4147-rtol-1e-6-001-nodes-0002-procs-58856249-2-stderr.txt,acg-cg-nccl,valid,48.260316,26384.0,9.516817775836005e-07,1e-06,0.190166332112545,1829.1508489993937
Queen_4147,1,2,58856249,3,backups-sycl/acg-cg-nccl/suitesparse/Queen_4147/Queen_4147-rtol-1e-6-001-nodes-0002-procs-58856249-3-stderr.txt,acg-cg-nccl,valid,48.208666,26362.0,9.697804550272107e-07,1e-06,0.190169109478662,1828.7180790531827
Queen_4147,1,2,58856250,1,backups-sycl/acg-cg-nccl/suitesparse/Queen_4147/Queen_4147-rtol-1e-6-001-nodes-0002-procs-58856250-1-stderr.txt,acg-cg-nccl,valid,47.908189,26215.0,9.904989631083535e-07,1e-06,0.190175087585522,1827.5105473965289
Queen_4147,1,2,58856250,2,backups-sycl/acg-cg-nccl/suitesparse/Queen_4147/Queen_4147-rtol-1e-6-001-nodes-0002-procs-58856250-2-stderr.txt,acg-cg-nccl,valid,47.765244,26119.0,9.871119464821688e-07,1e-06,0.190178892349379,1828.7546996439376
Queen_4147,1,2,58856250,3,backups-sycl/acg-cg-nccl/suitesparse/Queen_4147/Queen_4147-rtol-1e-6-001-nodes-0002-procs-58856250-3-stderr.txt,acg-cg-nccl,valid,48.12671,26330.0,9.823446853647266e-07,1e-06,0.19016886823297,1827.8279529054312
Queen_4147,1,2,58856251,1,backups-sycl/acg-cg-nccl/suitesparse/Queen_4147/Queen_4147-rtol-1e-6-001-nodes-0002-procs-58856251-1-stderr.txt,acg-cg-nccl,valid,48.267865,26398.0,9.852819690678662e-07,1e-06,0.190166251731915,1828.4667399045381
Queen_4147,1,2,58856251,2,backups-sycl/acg-cg-nccl/suitesparse/Queen_4147/Queen_4147-rtol-1e-6-001-nodes-0002-procs-58856251-2-stderr.txt,acg-cg-nccl,valid,48.451999,26474.0,9.956281758647458e-07,1e-06,0.190163220132287,1830.1729621515449
Queen_4147,1,2,58856251,3,backups-sycl/acg-cg-nccl/suitesparse/Queen_4147/Queen_4147-rtol-1e-6-001-nodes-0002-procs-58856251-3-stderr.txt,acg-cg-nccl,valid,48.183402,26348.0,9.840794758374778e-07,1e-06,0.190168800941442,1828.7309093669348
Queen_4147,1,4,58856252,1,backups-sycl/acg-cg-nccl/suitesparse/Queen_4147/Queen_4147-rtol-1e-6-001-nodes-0004-procs-58856252-1-stderr.txt,acg-cg-nccl,valid,25.623638,26267.0,9.848820473393895e-07,1e-06,0.19017220044092,975.5068336696235
Queen_4147,1,4,58856252,2,backups-sycl/acg-cg-nccl/suitesparse/Queen_4147/Queen_4147-rtol-1e-6-001-nodes-0004-procs-58856252-2-stderr.txt,acg-cg-nccl,valid,25.587923,26261.0,9.954127182647611e-07,1e-06,0.190173876586001,974.3697117398424
Queen_4147,1,4,58856252,3,backups-sycl/acg-cg-nccl/suitesparse/Queen_4147/Queen_4147-rtol-1e-6-001-nodes-0004-procs-58856252-3-stderr.txt,acg-cg-nccl,valid,25.619763,26299.0,9.957675473738257e-07,1e-06,0.19017106605832,974.1725160652496
Queen_4147,1,4,58856253,1,backups-sycl/acg-cg-nccl/suitesparse/Queen_4147/Queen_4147-rtol-1e-6-001-nodes-0004-procs-58856253-1-stderr.txt,acg-cg-nccl,valid,25.703683,26347.0,9.799885709427432e-07,1e-06,0.190167883639862,975.5829126655786
Queen_4147,1,4,58856253,2,backups-sycl/acg-cg-nccl/suitesparse/Queen_4147/Queen_4147-rtol-1e-6-001-nodes-0004-procs-58856253-2-stderr.txt,acg-cg-nccl,valid,25.424859,26067.0,9.876155646933128e-07,1e-06,0.190182298693798,975.365749798596
Queen_4147,1,4,58856253,3,backups-sycl/acg-cg-nccl/suitesparse/Queen_4147/Queen_4147-rtol-1e-6-001-nodes-0004-procs-58856253-3-stderr.txt,acg-cg-nccl,valid,25.685197,26333.0,9.800710929535983e-07,1e-06,0.190169872393609,975.3995746781604
Queen_4147,1,4,58856254,1,backups-sycl/acg-cg-nccl/suitesparse/Queen_4147/Queen_4147-rtol-1e-6-001-nodes-0004-procs-58856254-1-stderr.txt,acg-cg-nccl,valid,26.009292,26685.0,9.953753520728457e-07,1e-06,0.190153549026239,974.6783586284429
Queen_4147,1,4,58856254,2,backups-sycl/acg-cg-nccl/suitesparse/Queen_4147/Queen_4147-rtol-1e-6-001-nodes-0004-procs-58856254-2-stderr.txt,acg-cg-nccl,valid,25.612241,26289.0,9.608934344053771e-07,1e-06,0.190171119604317,974.2569515767051
Queen_4147,1,4,58856254,3,backups-sycl/acg-cg-nccl/suitesparse/Queen_4147/Queen_4147-rtol-1e-6-001-nodes-0004-procs-58856254-3-stderr.txt,acg-cg-nccl,valid,25.805948,26441.0,9.84744845178193e-07,1e-06,0.190164177440017,975.9823002155744
Queen_4147,2,8,58856255,1,backups-sycl/acg-cg-nccl/suitesparse/Queen_4147/Queen_4147-rtol-1e-6-002-nodes-0008-procs-58856255-1-stderr.txt,acg-cg-nccl,valid,20.238857,25782.0,9.805387681566266e-07,1e-06,0.190197020407576,784.9994957722442
Queen_4147,2,8,58856255,2,backups-sycl/acg-cg-nccl/suitesparse/Queen_4147/Queen_4147-rtol-1e-6-002-nodes-0008-procs-58856255-2-stderr.txt,acg-cg-nccl,valid,16.206253,26057.0,9.611963005024813e-07,1e-06,0.190183490303186,621.9539087385348
Queen_4147,2,8,58856255,3,backups-sycl/acg-cg-nccl/suitesparse/Queen_4147/Queen_4147-rtol-1e-6-002-nodes-0008-procs-58856255-3-stderr.txt,acg-cg-nccl,valid,19.072369,26424.0,9.316840582481533e-07,1e-06,0.190165695490232,721.7820541931577
Queen_4147,2,8,58856256,1,backups-sycl/acg-cg-nccl/suitesparse/Queen_4147/Queen_4147-rtol-1e-6-002-nodes-0008-procs-58856256-1-stderr.txt,acg-cg-nccl,valid,19.406567,26545.0,9.421794712566118e-07,1e-06,0.190159433479878,731.0818233188924
Queen_4147,2,8,58856256,2,backups-sycl/acg-cg-nccl/suitesparse/Queen_4147/Queen_4147-rtol-1e-6-002-nodes-0008-procs-58856256-2-stderr.txt,acg-cg-nccl,valid,20.918836,26496.0,9.968007639348875e-07,1e-06,0.190161568804387,789.5092089371981
Queen_4147,2,8,58856256,3,backups-sycl/acg-cg-nccl/suitesparse/Queen_4147/Queen_4147-rtol-1e-6-002-nodes-0008-procs-58856256-3-stderr.txt,acg-cg-nccl,valid,18.273137,26403.0,9.942575099709582e-07,1e-06,0.190166490576971,692.0856342082338
Queen_4147,2,8,58856257,1,backups-sycl/acg-cg-nccl/suitesparse/Queen_4147/Queen_4147-rtol-1e-6-002-nodes-0008-procs-58856257-1-stderr.txt,acg-cg-nccl,valid,20.969176,26134.0,9.927741299249933e-07,1e-06,0.190179646298907,802.3714701155583
Queen_4147,2,8,58856257,2,backups-sycl/acg-cg-nccl/suitesparse/Queen_4147/Queen_4147-rtol-1e-6-002-nodes-0008-procs-58856257-2-stderr.txt,acg-cg-nccl,valid,19.556005,26408.0,9.523054436609821e-07,1e-06,0.190166053510064,740.5333611026961
Queen_4147,2,8,58856257,3,backups-sycl/acg-cg-nccl/suitesparse/Queen_4147/Queen_4147-rtol-1e-6-002-nodes-0008-procs-58856257-3-stderr.txt,acg-cg-nccl,valid,21.329226,26352.0,9.848608671989906e-07,1e-06,0.190168474536531,809.3968579234972
Queen_4147,4,16,58856258,1,backups-sycl/acg-cg-nccl/suitesparse/Queen_4147/Queen_4147-rtol-1e-6-004-nodes-0016-procs-58856258-1-stderr.txt,acg-cg-nccl,valid,14.565974,26053.0,9.83274538899146e-07,1e-06,0.190183487874816,559.0900855947492
Queen_4147,4,16,58856258,2,backups-sycl/acg-cg-nccl/suitesparse/Queen_4147/Queen_4147-rtol-1e-6-004-nodes-0016-procs-58856258-2-stderr.txt,acg-cg-nccl,valid,14.04247,26468.0,9.273444565112127e-07,1e-06,0.190162560977794,530.5451866404716
Queen_4147,4,16,58856258,3,backups-sycl/acg-cg-nccl/suitesparse/Queen_4147/Queen_4147-rtol-1e-6-004-nodes-0016-procs-58856258-3-stderr.txt,acg-cg-nccl,valid,13.715556,25715.0,9.581128280838568e-07,1e-06,0.190200629777352,533.3679175578455
Queen_4147,4,16,58856259,1,backups-sycl/acg-cg-nccl/suitesparse/Queen_4147/Queen_4147-rtol-1e-6-004-nodes-0016-procs-58856259-1-stderr.txt,acg-cg-nccl,valid,22.759698,26491.0,9.667842714550333e-07,1e-06,0.190163417744316,859.1483145219131
Queen_4147,4,16,58856259,2,backups-sycl/acg-cg-nccl/suitesparse/Queen_4147/Queen_4147-rtol-1e-6-004-nodes-0016-procs-58856259-2-stderr.txt,acg-cg-nccl,valid,20.427796,26541.0,9.255295962309507e-07,1e-06,0.19016019790395,769.6694171282168
Queen_4147,4,16,58856259,3,backups-sycl/acg-cg-nccl/suitesparse/Queen_4147/Queen_4147-rtol-1e-6-004-nodes-0016-procs-58856259-3-stderr.txt,acg-cg-nccl,valid,19.190055,26246.0,9.914211678462195e-07,1e-06,0.190173399415603,731.1611293149432
Queen_4147,4,16,58856260,1,backups-sycl/acg-cg-nccl/suitesparse/Queen_4147/Queen_4147-rtol-1e-6-004-nodes-0016-procs-58856260-1-stderr.txt,acg-cg-nccl,valid,15.186703,26762.0,9.789433322199892e-07,1e-06,0.190151107374457,567.4726477841715
Queen_4147,4,16,58856260,2,backups-sycl/acg-cg-nccl/suitesparse/Queen_4147/Queen_4147-rtol-1e-6-004-nodes-0016-procs-58856260-2-stderr.txt,acg-cg-nccl,valid,15.814306,26572.0,9.97020889504795e-07,1e-06,0.190159708868065,595.1492548547343
Queen_4147,4,16,58856260,3,backups-sycl/acg-cg-nccl/suitesparse/Queen_4147/Queen_4147-rtol-1e-6-004-nodes-0016-procs-58856260-3-stderr.txt,acg-cg-nccl,valid,13.068853,26410.0,9.916220297509334e-07,1e-06,0.190165985269004,494.8448693676638
Queen_4147,8,32,58856261,1,backups-sycl/acg-cg-nccl/suitesparse/Queen_4147/Queen_4147-rtol-1e-6-008-nodes-0032-procs-58856261-1-stderr.txt,acg-cg-nccl,valid,13.800157,26598.0,9.765547380182326e-07,1e-06,0.190158828074876,518.8419054064216
Queen_4147,8,32,58856261,2,backups-sycl/acg-cg-nccl/suitesparse/Queen_4147/Queen_4147-rtol-1e-6-008-nodes-0032-procs-58856261-2-stderr.txt,acg-cg-nccl,valid,23.91044,26459.0,9.983806109968024e-07,1e-06,0.190164818145908,903.6788994293057
Queen_4147,8,32,58856261,3,backups-sycl/acg-cg-nccl/suitesparse/Queen_4147/Queen_4147-rtol-1e-6-008-nodes-0032-procs-58856261-3-stderr.txt,acg-cg-nccl,valid,10.248322,26226.0,9.846054260891503e-07,1e-06,0.190175408750774,390.7695416761992
Queen_4147,8,32,58856262,1,backups-sycl/acg-cg-nccl/suitesparse/Queen_4147/Queen_4147-rtol-1e-6-008-nodes-0032-procs-58856262-1-stderr.txt,acg-cg-nccl,valid,24.915076,26113.0,9.935585816658961e-07,1e-06,0.190180689835417,954.1253781641328
Queen_4147,8,32,58856262,2,backups-sycl/acg-cg-nccl/suitesparse/Queen_4147/Queen_4147-rtol-1e-6-008-nodes-0032-procs-58856262-2-stderr.txt,acg-cg-nccl,valid,20.551642,26244.0,9.928500457404112e-07,1e-06,0.190174170657264,783.0986892242037
Queen_4147,8,32,58856262,3,backups-sycl/acg-cg-nccl/suitesparse/Queen_4147/Queen_4147-rtol-1e-6-008-nodes-0032-procs-58856262-3-stderr.txt,acg-cg-nccl,valid,23.980057,26320.0,9.314571630707144e-07,1e-06,0.190171002417848,911.0963905775076
Queen_4147,8,32,58856263,1,backups-sycl/acg-cg-nccl/suitesparse/Queen_4147/Queen_4147-rtol-1e-6-008-nodes-0032-procs-58856263-1-stderr.txt,acg-cg-nccl,valid,31.204366,26250.0,9.982033542782217e-07,1e-06,0.190173869363365,1188.7377523809523
Queen_4147,8,32,58856263,2,backups-sycl/acg-cg-nccl/suitesparse/Queen_4147/Queen_4147-rtol-1e-6-008-nodes-0032-procs-58856263-2-stderr.txt,acg-cg-nccl,valid,33.978122,26668.0,9.714143769102023e-07,1e-06,0.190154258951429,1274.1158692065396
Queen_4147,8,32,58856263,3,backups-sycl/acg-cg-nccl/suitesparse/Queen_4147/Queen_4147-rtol-1e-6-008-nodes-0032-procs-58856263-3-stderr.txt,acg-cg-nccl,valid,30.896358,26465.0,9.923798208032452e-07,1e-06,0.19016375370118,1167.4422066880786
Bump_2911,1,1,58855160,1,backups-sycl/acg-cg-single/suitesparse/Bump_2911/Bump_2911-rtol-1e-6-001-nodes-0001-procs-58855160-1-stderr.txt,acg-cg-single,valid,38.945542,25634.0,9.479902482311871e-07,1e-06,0.144405497051085,1519.2924241242101
Bump_2911,1,1,58855160,2,backups-sycl/acg-cg-single/suitesparse/Bump_2911/Bump_2911-rtol-1e-6-001-nodes-0001-procs-58855160-2-stderr.txt,acg-cg-single,valid,38.958836,25634.0,9.479902482311871e-07,1e-06,0.144405497051085,1519.811032222829
Bump_2911,1,1,58855160,3,backups-sycl/acg-cg-single/suitesparse/Bump_2911/Bump_2911-rtol-1e-6-001-nodes-0001-procs-58855160-3-stderr.txt,acg-cg-single,valid,38.972138,25634.0,9.479902482311871e-07,1e-06,0.144405497051085,1520.3299524069594
Bump_2911,1,1,58855161,1,backups-sycl/acg-cg-single/suitesparse/Bump_2911/Bump_2911-rtol-1e-6-001-nodes-0001-procs-58855161-1-stderr.txt,acg-cg-single,valid,38.983457,25634.0,9.479902482311871e-07,1e-06,0.144405497051085,1520.7715143949445
Bump_2911,1,1,58855161,2,backups-sycl/acg-cg-single/suitesparse/Bump_2911/Bump_2911-rtol-1e-6-001-nodes-0001-procs-58855161-2-stderr.txt,acg-cg-single,valid,38.958701,25634.0,9.479902482311871e-07,1e-06,0.144405497051085,1519.8057657798236
Bump_2911,1,1,58855161,3,backups-sycl/acg-cg-single/suitesparse/Bump_2911/Bump_2911-rtol-1e-6-001-nodes-0001-procs-58855161-3-stderr.txt,acg-cg-single,valid,38.961024,25634.0,9.479902482311871e-07,1e-06,0.144405497051085,1519.8963876102052
Bump_2911,1,1,58855162,1,backups-sycl/acg-cg-single/suitesparse/Bump_2911/Bump_2911-rtol-1e-6-001-nodes-0001-procs-58855162-1-stderr.txt,acg-cg-single,valid,38.983247,25634.0,9.479902482311871e-07,1e-06,0.144405497051085,1520.7633221502692
Bump_2911,1,1,58855162,2,backups-sycl/acg-cg-single/suitesparse/Bump_2911/Bump_2911-rtol-1e-6-001-nodes-0001-procs-58855162-2-stderr.txt,acg-cg-single,valid,38.975938,25634.0,9.479902482311871e-07,1e-06,0.144405497051085,1520.478193024889
Bump_2911,1,1,58855162,3,backups-sycl/acg-cg-single/suitesparse/Bump_2911/Bump_2911-rtol-1e-6-001-nodes-0001-procs-58855162-3-stderr.txt,acg-cg-single,valid,38.989903,25634.0,9.479902482311871e-07,1e-06,0.144405497051085,1521.022977295779
Queen_4147,1,1,58856246,1,backups-sycl/acg-cg-single/suitesparse/Queen_4147/Queen_4147-rtol-1e-6-001-nodes-0001-procs-58856246-1-stderr.txt,acg-cg-single,valid,88.813806,25839.0,9.888383184547684e-07,1e-06,0.190194005233558,3437.199814234297
Queen_4147,1,1,58856246,2,backups-sycl/acg-cg-single/suitesparse/Queen_4147/Queen_4147-rtol-1e-6-001-nodes-0001-procs-58856246-2-stderr.txt,acg-cg-single,valid,88.830028,25839.0,9.888383184547684e-07,1e-06,0.190194005233558,3437.8276249080845
Queen_4147,1,1,58856246,3,backups-sycl/acg-cg-single/suitesparse/Queen_4147/Queen_4147-rtol-1e-6-001-nodes-0001-procs-58856246-3-stderr.txt,acg-cg-single,valid,88.829252,25839.0,9.888383184547684e-07,1e-06,0.190194005233558,3437.7975927860984
Queen_4147,1,1,58856247,1,backups-sycl/acg-cg-single/suitesparse/Queen_4147/Queen_4147-rtol-1e-6-001-nodes-0001-procs-58856247-1-stderr.txt,acg-cg-single,valid,88.787735,25839.0,9.888383184547684e-07,1e-06,0.190194005233558,3436.190835558652
Queen_4147,1,1,58856247,2,backups-sycl/acg-cg-single/suitesparse/Queen_4147/Queen_4147-rtol-1e-6-001-nodes-0001-procs-58856247-2-stderr.txt,acg-cg-single,valid,88.790255,25839.0,9.888383184547684e-07,1e-06,0.190194005233558,3436.2883625527306
Queen_4147,1,1,58856247,3,backups-sycl/acg-cg-single/suitesparse/Queen_4147/Queen_4147-rtol-1e-6-001-nodes-0001-procs-58856247-3-stderr.txt,acg-cg-single,valid,88.779396,25839.0,9.888383184547684e-07,1e-06,0.190194005233558,3435.868106350865
Queen_4147,1,1,58856248,1,backups-sycl/acg-cg-single/suitesparse/Queen_4147/Queen_4147-rtol-1e-6-001-nodes-0001-procs-58856248-1-stderr.txt,acg-cg-single,valid,88.809193,25839.0,9.888383184547684e-07,1e-06,0.190194005233558,3437.0212856534695
Queen_4147,1,1,58856248,2,backups-sycl/acg-cg-single/suitesparse/Queen_4147/Queen_4147-rtol-1e-6-001-nodes-0001-procs-58856248-2-stderr.txt,acg-cg-single,valid,88.821522,25839.0,9.888383184547684e-07,1e-06,0.190194005233558,3437.4984326018807
Queen_4147,1,1,58856248,3,backups-sycl/acg-cg-single/suitesparse/Queen_4147/Queen_4147-rtol-1e-6-001-nodes-0001-procs-58856248-3-stderr.txt,acg-cg-single,valid,88.81106,25839.0,9.888383184547684e-07,1e-06,0.190194005233558,3437.0935407717016
Bump_2911,1,2,58855163,1,backups-sycl/suitesparse/Bump_2911/Bump_2911-rtol-1e-6-001-nodes-0002-procs-58855163-1-stderr.txt,acg-cg-mpi,valid,23.071493,26326.0,8.2811147631855e-07,1e-06,0.144242365422343,876.3766998404619
Bump_2911,1,2,58855163,2,backups-sycl/suitesparse/Bump_2911/Bump_2911-rtol-1e-6-001-nodes-0002-procs-58855163-2-stderr.txt,acg-cg-mpi,valid,22.565612,25737.0,9.911391412353762e-07,1e-06,0.144395396879849,876.7770913470879
Bump_2911,1,2,58855163,3,backups-sycl/suitesparse/Bump_2911/Bump_2911-rtol-1e-6-001-nodes-0002-procs-58855163-3-stderr.txt,acg-cg-mpi,valid,22.221815,25389.0,9.308960594409001e-07,1e-06,0.144482254241621,875.253653156879
Bump_2911,1,2,58855164,1,backups-sycl/suitesparse/Bump_2911/Bump_2911-rtol-1e-6-001-nodes-0002-procs-58855164-1-stderr.txt,acg-cg-mpi,valid,22.096424,25371.0,9.722166566078218e-07,1e-06,0.144492749701309,870.9323243072799
Bump_2911,1,2,58855164,2,backups-sycl/suitesparse/Bump_2911/Bump_2911-rtol-1e-6-001-nodes-0002-procs-58855164-2-stderr.txt,acg-cg-mpi,valid,21.911427,25150.0,9.538985738637454e-07,1e-06,0.144532831583287,871.2297017892645
Bump_2911,1,2,58855164,3,backups-sycl/suitesparse/Bump_2911/Bump_2911-rtol-1e-6-001-nodes-0002-procs-58855164-3-stderr.txt,acg-cg-mpi,valid,22.21057,25480.0,9.99009096078511e-07,1e-06,0.144453958700191,871.686420722135
Bump_2911,1,2,58855165,1,backups-sycl/suitesparse/Bump_2911/Bump_2911-rtol-1e-6-001-nodes-0002-procs-58855165-1-stderr.txt,acg-cg-mpi,valid,21.754701,25007.0,9.773329896862257e-07,1e-06,0.14458735192203,869.9444555524453
Bump_2911,1,2,58855165,2,backups-sycl/suitesparse/Bump_2911/Bump_2911-rtol-1e-6-001-nodes-0002-procs-58855165-2-stderr.txt,acg-cg-mpi,valid,21.607966,24809.0,9.870614290270532e-07,1e-06,0.144643660187169,870.9728727477932
Bump_2911,1,2,58855165,3,backups-sycl/suitesparse/Bump_2911/Bump_2911-rtol-1e-6-001-nodes-0002-procs-58855165-3-stderr.txt,acg-cg-mpi,valid,22.122253,25397.0,9.903898285451686e-07,1e-06,0.144469990072568,871.0577233531519
Bump_2911,1,4,58855166,1,backups-sycl/suitesparse/Bump_2911/Bump_2911-rtol-1e-6-001-nodes-0004-procs-58855166-1-stderr.txt,acg-cg-mpi,valid,12.496984,25326.0,9.97180795780598e-07,1e-06,0.144503178230725,493.4448392955855
Bump_2911,1,4,58855166,2,backups-sycl/suitesparse/Bump_2911/Bump_2911-rtol-1e-6-001-nodes-0004-procs-58855166-2-stderr.txt,acg-cg-mpi,valid,12.499646,25294.0,9.983754995001103e-07,1e-06,0.144506235334864,494.17434964813793
Bump_2911,1,4,58855166,3,backups-sycl/suitesparse/Bump_2911/Bump_2911-rtol-1e-6-001-nodes-0004-procs-58855166-3-stderr.txt,acg-cg-mpi,valid,12.699587,25699.0,9.38812809709679e-07,1e-06,0.144394099570686,494.1665823572901
Bump_2911,1,4,58855168,1,backups-sycl/suitesparse/Bump_2911/Bump_2911-rtol-1e-6-001-nodes-0004-procs-58855168-1-stderr.txt,acg-cg-mpi,valid,12.506307,25258.0,9.247532679524164e-07,1e-06,0.144505902511079,495.14241032544146
Bump_2911,1,4,58855168,2,backups-sycl/suitesparse/Bump_2911/Bump_2911-rtol-1e-6-001-nodes-0004-procs-58855168-2-stderr.txt,acg-cg-mpi,valid,12.400537,25036.0,9.531924662315229e-07,1e-06,0.144555910271851,495.30823613995847
Bump_2911,1,4,58855168,3,backups-sycl/suitesparse/Bump_2911/Bump_2911-rtol-1e-6-001-nodes-0004-procs-58855168-3-stderr.txt,acg-cg-mpi,valid,12.854209,25960.0,9.911792654033996e-07,1e-06,0.14432092197113,495.15442989214176
Bump_2911,1,4,58855169,1,backups-sycl/suitesparse/Bump_2911/Bump_2911-rtol-1e-6-001-nodes-0004-procs-58855169-1-stderr.txt,acg-cg-mpi,valid,12.673732,25592.0,9.957310105152098e-07,1e-06,0.14442087812103,495.2224132541419
Bump_2911,1,4,58855169,2,backups-sycl/suitesparse/Bump_2911/Bump_2911-rtol-1e-6-001-nodes-0004-procs-58855169-2-stderr.txt,acg-cg-mpi,valid,12.187991,24635.0,9.92182347309339e-07,1e-06,0.144693418696502,494.7428861376091
Bump_2911,1,4,58855169,3,backups-sycl/suitesparse/Bump_2911/Bump_2911-rtol-1e-6-001-nodes-0004-procs-58855169-3-stderr.txt,acg-cg-mpi,valid,12.577383,25414.0,9.40083525867778e-07,1e-06,0.144448925085676,494.8997796490124
Bump_2911,2,8,58855170,1,backups-sycl/suitesparse/Bump_2911/Bump_2911-rtol-1e-6-002-nodes-0008-procs-58855170-1-stderr.txt,acg-cg-mpi,valid,13.899019,25643.0,9.670962544162159e-07,1e-06,0.144418298683185,542.0200054595796
Bump_2911,2,8,58855170,2,backups-sycl/suitesparse/Bump_2911/Bump_2911-rtol-1e-6-002-nodes-0008-procs-58855170-2-stderr.txt,acg-cg-mpi,valid,13.845856,25475.0,9.725781693143936e-07,1e-06,0.144439800037468,543.5075956820411
Bump_2911,2,8,58855170,3,backups-sycl/suitesparse/Bump_2911/Bump_2911-rtol-1e-6-002-nodes-0008-procs-58855170-3-stderr.txt,acg-cg-mpi,valid,13.660975,25179.0,9.645360983866946e-07,1e-06,0.144518207672446,542.5543111322928
Bump_2911,2,8,58855173,1,backups-sycl/suitesparse/Bump_2911/Bump_2911-rtol-1e-6-002-nodes-0008-procs-58855173-1-stderr.txt,acg-cg-mpi,valid,13.807641,25538.0,9.94414786091835e-07,1e-06,0.144420174638083,540.6704127183021
Bump_2911,2,8,58855173,2,backups-sycl/suitesparse/Bump_2911/Bump_2911-rtol-1e-6-002-nodes-0008-procs-58855173-2-stderr.txt,acg-cg-mpi,valid,8.641231,25671.0,9.839146774558664e-07,1e-06,0.144413393248169,336.6145066417358
Bump_2911,2,8,58855173,3,backups-sycl/suitesparse/Bump_2911/Bump_2911-rtol-1e-6-002-nodes-0008-procs-58855173-3-stderr.txt,acg-cg-mpi,valid,8.527395,25441.0,9.66535670098402e-07,1e-06,0.144472573602641,335.18316890059356
Bump_2911,4,16,58855174,1,backups-sycl/suitesparse/Bump_2911/Bump_2911-rtol-1e-6-004-nodes-0016-procs-58855174-1-stderr.txt,acg-cg-mpi,valid,20.721469,25520.0,9.423070563070567e-07,1e-06,0.144444363897442,811.9697884012538
Bump_2911,4,16,58855174,2,backups-sycl/suitesparse/Bump_2911/Bump_2911-rtol-1e-6-004-nodes-0016-procs-58855174-2-stderr.txt,acg-cg-mpi,valid,155.334618,25529.0,9.762464161084792e-07,1e-06,0.144414420752848,6084.633867366525
Bump_2911,4,16,58855174,3,backups-sycl/suitesparse/Bump_2911/Bump_2911-rtol-1e-6-004-nodes-0016-procs-58855174-3-stderr.txt,acg-cg-mpi,valid,23.126297,25868.0,9.761978334656544e-07,1e-06,0.144361372468069,894.011790629349
Bump_2911,4,16,58855175,1,backups-sycl/suitesparse/Bump_2911/Bump_2911-rtol-1e-6-004-nodes-0016-procs-58855175-1-stderr.txt,acg-cg-mpi,valid,20.50549,25410.0,9.39003514900122e-07,1e-06,0.144467320582912,806.9850452577726
Bump_2911,4,16,58855175,2,backups-sycl/suitesparse/Bump_2911/Bump_2911-rtol-1e-6-004-nodes-0016-procs-58855175-2-stderr.txt,acg-cg-mpi,valid,152.463188,24839.0,9.802483469843772e-07,1e-06,0.144612372483677,6138.056604533193
Bump_2911,4,16,58855175,3,backups-sycl/suitesparse/Bump_2911/Bump_2911-rtol-1e-6-004-nodes-0016-procs-58855175-3-stderr.txt,acg-cg-mpi,valid,19.854303,24609.0,9.889114173735887e-07,1e-06,0.1446839471702,806.7903206144094
Bump_2911,4,16,58855176,1,backups-sycl/suitesparse/Bump_2911/Bump_2911-rtol-1e-6-004-nodes-0016-procs-58855176-1-stderr.txt,acg-cg-mpi,valid,9.278903,25045.0,9.950693427102252e-07,1e-06,0.144556268948924,370.4892393691356
Bump_2911,4,16,58855176,2,backups-sycl/suitesparse/Bump_2911/Bump_2911-rtol-1e-6-004-nodes-0016-procs-58855176-2-stderr.txt,acg-cg-mpi,valid,9.287974,25134.0,9.934903348050118e-07,1e-06,0.144562912614171,369.538235060078
Bump_2911,4,16,58855176,3,backups-sycl/suitesparse/Bump_2911/Bump_2911-rtol-1e-6-004-nodes-0016-procs-58855176-3-stderr.txt,acg-cg-mpi,valid,9.58686,25527.0,9.784893141355276e-07,1e-06,0.144428183548578,375.55764484663297
Bump_2911,8,32,58855177,1,backups-sycl/suitesparse/Bump_2911/Bump_2911-rtol-1e-6-008-nodes-0032-procs-58855177-1-stderr.txt,acg-cg-mpi,valid,12.719096,25465.0,9.826190958596923e-07,1e-06,0.144438723815981,499.47363047319857
Bump_2911,8,32,58855177,2,backups-sycl/suitesparse/Bump_2911/Bump_2911-rtol-1e-6-008-nodes-0032-procs-58855177-2-stderr.txt,acg-cg-mpi,valid,98.118131,25997.0,9.897608069425528e-07,1e-06,0.144330123954201,3774.2097549717278
Bump_2911,8,32,58855177,3,backups-sycl/suitesparse/Bump_2911/Bump_2911-rtol-1e-6-008-nodes-0032-procs-58855177-3-stderr.txt,acg-cg-mpi,valid,173.372828,25761.0,9.704723778186143e-07,1e-06,0.144373950947949,6730.05038624277
Bump_2911,8,32,58855178,1,backups-sycl/suitesparse/Bump_2911/Bump_2911-rtol-1e-6-008-nodes-0032-procs-58855178-1-stderr.txt,acg-cg-mpi,valid,24.52682,25042.0,9.378021869808177e-07,1e-06,0.14456831337083,979.4273620317866
Bump_2911,8,32,58855178,2,backups-sycl/suitesparse/Bump_2911/Bump_2911-rtol-1e-6-008-nodes-0032-procs-58855178-2-stderr.txt,acg-cg-mpi,valid,12.578839,25794.0,9.420150638269652e-07,1e-06,0.144376109549419,487.66530976196015
Bump_2911,8,32,58855178,3,backups-sycl/suitesparse/Bump_2911/Bump_2911-rtol-1e-6-008-nodes-0032-procs-58855178-3-stderr.txt,acg-cg-mpi,valid,19.581387,25527.0,9.666124318504728e-07,1e-06,0.144456093973375,767.0853214243741
Bump_2911,8,32,58855179,1,backups-sycl/suitesparse/Bump_2911/Bump_2911-rtol-1e-6-008-nodes-0032-procs-58855179-1-stderr.txt,acg-cg-mpi,valid,191.298848,25724.0,9.396568766407697e-07,1e-06,0.144389716744823,7436.590265899549
Bump_2911,8,32,58855179,2,backups-sycl/suitesparse/Bump_2911/Bump_2911-rtol-1e-6-008-nodes-0032-procs-58855179-2-stderr.txt,acg-cg-mpi,valid,12.73544,25862.0,9.997528941907285e-07,1e-06,0.144349590174784,492.43832650220406
Bump_2911,8,32,58855179,3,backups-sycl/suitesparse/Bump_2911/Bump_2911-rtol-1e-6-008-nodes-0032-procs-58855179-3-stderr.txt,acg-cg-mpi,valid,12.970784,25640.0,9.954099565246835e-07,1e-06,0.144419546111338,505.8808112324493
Queen_4147,1,2,58856249,1,backups-sycl/suitesparse/Queen_4147/Queen_4147-rtol-1e-6-001-nodes-0002-procs-58856249-1-stderr.txt,acg-cg-mpi,valid,48.400515,26246.0,9.86253640590348e-07,1e-06,0.190173039203367,1844.110150118113
Queen_4147,1,2,58856249,2,backups-sycl/suitesparse/Queen_4147/Queen_4147-rtol-1e-6-001-nodes-0002-procs-58856249-2-stderr.txt,acg-cg-mpi,valid,47.932137,25987.0,9.834390672822806e-07,1e-06,0.190186052989231,1844.4659637511063
Queen_4147,1,2,58856249,3,backups-sycl/suitesparse/Queen_4147/Queen_4147-rtol-1e-6-001-nodes-0002-procs-58856249-3-stderr.txt,acg-cg-mpi,valid,47.874137,25961.0,9.61589423162344e-07,1e-06,0.190187132720176,1844.0790801586995
Queen_4147,1,2,58856250,1,backups-sycl/suitesparse/Queen_4147/Queen_4147-rtol-1e-6-001-nodes-0002-procs-58856250-1-stderr.txt,acg-cg-mpi,valid,48.529206,26307.0,9.660636560349933e-07,1e-06,0.190170401051818,1844.725966472802
Queen_4147,1,2,58856250,2,backups-sycl/suitesparse/Queen_4147/Queen_4147-rtol-1e-6-001-nodes-0002-procs-58856250-2-stderr.txt,acg-cg-mpi,valid,48.647387,26378.0,9.861111782454035e-07,1e-06,0.190166811197162,1844.2409204640232
Queen_4147,1,2,58856250,3,backups-sycl/suitesparse/Queen_4147/Queen_4147-rtol-1e-6-001-nodes-0002-procs-58856250-3-stderr.txt,acg-cg-mpi,valid,48.578146,26342.0,9.712899127964005e-07,1e-06,0.190168794357158,1844.1327917394274
Queen_4147,1,2,58856251,1,backups-sycl/suitesparse/Queen_4147/Queen_4147-rtol-1e-6-001-nodes-0002-procs-58856251-1-stderr.txt,acg-cg-mpi,valid,49.04262,26600.0,9.881961481130223e-07,1e-06,0.190157093170705,1843.7075187969926
Queen_4147,1,2,58856251,2,backups-sycl/suitesparse/Queen_4147/Queen_4147-rtol-1e-6-001-nodes-0002-procs-58856251-2-stderr.txt,acg-cg-mpi,valid,48.573893,26349.0,9.454203367221597e-07,1e-06,0.190169170156386,1843.481460396979
Queen_4147,1,2,58856251,3,backups-sycl/suitesparse/Queen_4147/Queen_4147-rtol-1e-6-001-nodes-0002-procs-58856251-3-stderr.txt,acg-cg-mpi,valid,48.058046,26063.0,9.97005738085258e-07,1e-06,0.190182270846785,1843.9184284234354
Queen_4147,1,4,58856252,1,backups-sycl/suitesparse/Queen_4147/Queen_4147-rtol-1e-6-001-nodes-0004-procs-58856252-1-stderr.txt,acg-cg-mpi,valid,25.911063,26302.0,9.894743515508876e-07,1e-06,0.190171805706567,985.1366055813246
Queen_4147,1,4,58856252,2,backups-sycl/suitesparse/Queen_4147/Queen_4147-rtol-1e-6-001-nodes-0004-procs-58856252-2-stderr.txt,acg-cg-mpi,valid,26.144894,26534.0,9.619218808302204e-07,1e-06,0.190161134974529,985.3355694580538
Queen_4147,1,4,58856252,3,backups-sycl/suitesparse/Queen_4147/Queen_4147-rtol-1e-6-001-nodes-0004-procs-58856252-3-stderr.txt,acg-cg-mpi,valid,28.357833,26084.0,9.76667696489801e-07,1e-06,0.190181994247229,1087.1734779941726
Queen_4147,1,4,58856253,1,backups-sycl/suitesparse/Queen_4147/Queen_4147-rtol-1e-6-001-nodes-0004-procs-58856253-1-stderr.txt,acg-cg-mpi,valid,25.825952,26203.0,9.496760779216136e-07,1e-06,0.190175392085442,985.6105026142044
Queen_4147,1,4,58856253,2,backups-sycl/suitesparse/Queen_4147/Queen_4147-rtol-1e-6-001-nodes-0004-procs-58856253-2-stderr.txt,acg-cg-mpi,valid,28.667743,26359.0,9.465579977248046e-07,1e-06,0.190168684243235,1087.5884138245003
Queen_4147,1,4,58856253,3,backups-sycl/suitesparse/Queen_4147/Queen_4147-rtol-1e-6-001-nodes-0004-procs-58856253-3-stderr.txt,acg-cg-mpi,valid,29.127056,26803.0,9.935485321499002e-07,1e-06,0.190147422462843,1086.708801253591
Queen_4147,1,4,58856254,1,backups-sycl/suitesparse/Queen_4147/Queen_4147-rtol-1e-6-001-nodes-0004-procs-58856254-1-stderr.txt,acg-cg-mpi,valid,28.896609,26576.0,9.717709125608039e-07,1e-06,0.190158083356106,1087.319724563516
Queen_4147,1,4,58856254,2,backups-sycl/suitesparse/Queen_4147/Queen_4147-rtol-1e-6-001-nodes-0004-procs-58856254-2-stderr.txt,acg-cg-mpi,valid,26.394585,26767.0,9.460948989783458e-07,1e-06,0.190150025944856,986.0867859677962
Queen_4147,1,4,58856254,3,backups-sycl/suitesparse/Queen_4147/Queen_4147-rtol-1e-6-001-nodes-0004-procs-58856254-3-stderr.txt,acg-cg-mpi,valid,28.515291,26257.0,9.740884077087958e-07,1e-06,0.190172694550844,1086.007198080512
Queen_4147,2,8,58856255,1,backups-sycl/suitesparse/Queen_4147/Queen_4147-rtol-1e-6-002-nodes-0008-procs-58856255-1-stderr.txt,acg-cg-mpi,valid,15.617593,26489.0,9.804091832570615e-07,1e-06,0.19016176181587,589.5878666616331
Queen_4147,2,8,58856255,2,backups-sycl/suitesparse/Queen_4147/Queen_4147-rtol-1e-6-002-nodes-0008-procs-58856255-2-stderr.txt,acg-cg-mpi,valid,119.400921,26560.0,9.929983107215036e-07,1e-06,0.190158413991577,4495.516603915663
Queen_4147,2,8,58856255,3,backups-sycl/suitesparse/Queen_4147/Queen_4147-rtol-1e-6-002-nodes-0008-procs-58856255-3-stderr.txt,acg-cg-mpi,valid,19.709565,26557.0,9.868102782255084e-07,1e-06,0.190158705497481,742.1608238882404
Queen_4147,2,8,58856256,1,backups-sycl/suitesparse/Queen_4147/Queen_4147-rtol-1e-6-002-nodes-0008-procs-58856256-1-stderr.txt,acg-cg-mpi,valid,15.692219,26627.0,9.663911429486342e-07,1e-06,0.190155954975655,589.3348480865287
Queen_4147,2,8,58856256,2,backups-sycl/suitesparse/Queen_4147/Queen_4147-rtol-1e-6-002-nodes-0008-procs-58856256-2-stderr.txt,acg-cg-mpi,valid,125.936255,26580.0,9.909658820743083e-07,1e-06,0.190157397508657,4738.008088788562
Queen_4147,2,8,58856256,3,backups-sycl/suitesparse/Queen_4147/Queen_4147-rtol-1e-6-002-nodes-0008-procs-58856256-3-stderr.txt,acg-cg-mpi,valid,19.160029,25800.0,9.83307727053658e-07,1e-06,0.190196213016841,742.6367829457365
Queen_4147,2,8,58856257,1,backups-sycl/suitesparse/Queen_4147/Queen_4147-rtol-1e-6-002-nodes-0008-procs-58856257-1-stderr.txt,acg-cg-mpi,valid,15.463286,26255.0,9.991049055053068e-07,1e-06,0.190173518190789,588.9653780232337
Queen_4147,2,8,58856257,2,backups-sycl/suitesparse/Queen_4147/Queen_4147-rtol-1e-6-002-nodes-0008-procs-58856257-2-stderr.txt,acg-cg-mpi,valid,19.603708,26378.0,9.312426711357671e-07,1e-06,0.190167873003928,743.1840169838503
Queen_4147,2,8,58856257,3,backups-sycl/suitesparse/Queen_4147/Queen_4147-rtol-1e-6-002-nodes-0008-procs-58856257-3-stderr.txt,acg-cg-mpi,valid,19.847738,26741.0,9.889597517336391e-07,1e-06,0.190150490811743,742.2212333121424
Queen_4147,4,16,58856258,1,backups-sycl/suitesparse/Queen_4147/Queen_4147-rtol-1e-6-004-nodes-0016-procs-58856258-1-stderr.txt,acg-cg-mpi,valid,172.984752,26225.0,9.402979276349755e-07,1e-06,0.190174631914093,6596.1773879885595
Queen_4147,4,16,58856258,2,backups-sycl/suitesparse/Queen_4147/Queen_4147-rtol-1e-6-004-nodes-0016-procs-58856258-2-stderr.txt,acg-cg-mpi,valid,158.833727,26553.0,9.966088859237174e-07,1e-06,0.190159426952839,5981.762023123564
Queen_4147,4,16,58856258,3,backups-sycl/suitesparse/Queen_4147/Queen_4147-rtol-1e-6-004-nodes-0016-procs-58856258-3-stderr.txt,acg-cg-mpi,valid,192.160878,26273.0,9.914000622164804e-07,1e-06,0.190172829866241,7314.005937654626
Queen_4147,4,16,58856259,1,backups-sycl/suitesparse/Queen_4147/Queen_4147-rtol-1e-6-004-nodes-0016-procs-58856259-1-stderr.txt,acg-cg-mpi,valid,196.635556,26280.0,9.401666774428846e-07,1e-06,0.19017248377866,7482.327092846271
Queen_4147,4,16,58856259,2,backups-sycl/suitesparse/Queen_4147/Queen_4147-rtol-1e-6-004-nodes-0016-procs-58856259-2-stderr.txt,acg-cg-mpi,valid,160.037949,26724.0,9.947598683224622e-07,1e-06,0.190152205974831,5988.547709923664
Queen_4147,4,16,58856259,3,backups-sycl/suitesparse/Queen_4147/Queen_4147-rtol-1e-6-004-nodes-0016-procs-58856259-3-stderr.txt,acg-cg-mpi,valid,176.600994,26445.0,9.054909083072699e-07,1e-06,0.190165545137543,6678.048553601814
Queen_4147,4,16,58856260,1,backups-sycl/suitesparse/Queen_4147/Queen_4147-rtol-1e-6-004-nodes-0016-procs-58856260-1-stderr.txt,acg-cg-mpi,valid,158.421239,26467.0,9.988988025945803e-07,1e-06,0.190162760856776,5985.613745418824
Queen_4147,4,16,58856260,2,backups-sycl/suitesparse/Queen_4147/Queen_4147-rtol-1e-6-004-nodes-0016-procs-58856260-2-stderr.txt,acg-cg-mpi,valid,168.815741,26521.0,9.827327653908812e-07,1e-06,0.190160912806244,6365.361072357754
Queen_4147,4,16,58856260,3,backups-sycl/suitesparse/Queen_4147/Queen_4147-rtol-1e-6-004-nodes-0016-procs-58856260-3-stderr.txt,acg-cg-mpi,valid,166.258253,26199.0,9.755134606794042e-07,1e-06,0.190175790059214,6345.977060193137
Queen_4147,8,32,58856261,1,backups-sycl/suitesparse/Queen_4147/Queen_4147-rtol-1e-6-008-nodes-0032-procs-58856261-1-stderr.txt,acg-cg-mpi,valid,168.486377,26311.0,9.653310210289398e-07,1e-06,0.190170729919361,6403.647789897762
Queen_4147,8,32,58856261,2,backups-sycl/suitesparse/Queen_4147/Queen_4147-rtol-1e-6-008-nodes-0032-procs-58856261-2-stderr.txt,acg-cg-mpi,valid,88.6351,26666.0,9.715146577714476e-07,1e-06,0.190155049892446,3323.8993474836866
Queen_4147,8,32,58856261,3,backups-sycl/suitesparse/Queen_4147/Queen_4147-rtol-1e-6-008-nodes-0032-procs-58856261-3-stderr.txt,acg-cg-mpi,valid,181.569981,26043.0,9.993767599714055e-07,1e-06,0.190184684526913,6971.930307568254
Queen_4147,8,32,58856262,1,backups-sycl/suitesparse/Queen_4147/Queen_4147-rtol-1e-6-008-nodes-0032-procs-58856262-1-stderr.txt,acg-cg-mpi,valid,194.919061,26558.0,9.758354867708241e-07,1e-06,0.190158873343509,7339.372731380375
Queen_4147,8,32,58856262,2,backups-sycl/suitesparse/Queen_4147/Queen_4147-rtol-1e-6-008-nodes-0032-procs-58856262-2-stderr.txt,acg-cg-mpi,valid,164.951475,26146.0,9.87341682002269e-07,1e-06,0.190178058557811,6308.860820010709
Queen_4147,8,32,58856262,3,backups-sycl/suitesparse/Queen_4147/Queen_4147-rtol-1e-6-008-nodes-0032-procs-58856262-3-stderr.txt,acg-cg-mpi,valid,89.476714,26516.0,9.373767855883333e-07,1e-06,0.190161448035988,3374.4423744154474
Queen_4147,8,32,58856263,1,backups-sycl/suitesparse/Queen_4147/Queen_4147-rtol-1e-6-008-nodes-0032-procs-58856263-1-stderr.txt,acg-cg-mpi,valid,153.461613,26587.0,9.616723381055141e-07,1e-06,0.190158605111166,5772.054500319706
Queen_4147,8,32,58856263,2,backups-sycl/suitesparse/Queen_4147/Queen_4147-rtol-1e-6-008-nodes-0032-procs-58856263-2-stderr.txt,acg-cg-mpi,valid,20.557093,25995.0,9.788987268434986e-07,1e-06,0.190186123964239,790.8095018272745
Queen_4147,8,32,58856263,3,backups-sycl/suitesparse/Queen_4147/Queen_4147-rtol-1e-6-008-nodes-0032-procs-58856263-3-stderr.txt,acg-cg-mpi,valid,78.940922,26083.0,9.76366423414534e-07,1e-06,0.190182162392341,3026.5277000345054
