pair,matrix,ranks,sycl_median_s,sycl_min_s,sycl_max_s,sycl_iteration_us,sycl_iterations,native_median_s,native_min_s,native_max_s,native_iteration_us,native_iterations,n_allocations,n_sycl_trials,n_native_trials,paired_ratio,paired_ratio_min,paired_ratio_max,paired_iteration_ratio,archived_median_s,archived_min_s,archived_ratio,v1_sycl_median_s,v1_archived_ratio,speedup_over_v1
single,Bump_2911,1,37.874062,37.863471,37.891068,1493.810128579317,25354.0,38.972138,38.945542,38.989903,1520.3299524069594,25634.0,3,9,9,0.9721097416770872,0.971742964355945,0.9724522897550126,0.9828453545062101,38.98112,38.955687,0.971600148995206,50.9888,1.308038352925724,1.3462722852383775
single,Queen_4147,1,90.172227,90.153675,90.192862,3410.834323107766,26437.0,88.81106,88.779396,88.830028,3437.0935407717016,25839.0,3,9,9,1.0153265482925213,1.0152644086207097,1.0153889047851035,0.992360051493379,88.8288795,88.802312,1.0151228689088665,118.051,1.3289709457609449,1.3091725016395568
mpi,Bump_2911,2,21.683179,21.661776,21.749327,858.7397623762376,25250.0,22.122253,21.607966,23.071493,871.2297017892645,25389.0,3,9,9,0.9807829085828549,0.9626298635286293,0.9966691337196497,0.985146522356161,22.047493,21.619598,0.983475944407829,28.688627,1.3012194629112708,1.3230821458421758
mpi,Bump_2911,4,11.71303,11.693935,11.729734,460.4359448091513,25439.0,12.506307,12.187991,12.854209,494.8997796490124,25326.0,3,9,9,0.9365831640352055,0.9312771981261921,0.9366765104998622,0.9303619919485453,12.505354,12.261094,0.9366412178335775,17.23372,1.3781073290688133,1.47132893879722
mpi,Bump_2911,8,7.952868499999999,7.934804,7.959575,309.0653077879682,25732.0,13.734308,8.527395,13.899019,541.3452090889409,25506.5,2,6,6,0.7473238188854858,0.5747243074028793,0.9199233303680924,0.7438632521635624,13.542155,8.229548,0.5872675729970599,12.850802,0.9489480810107402,1.6158700473923342
mpi,Bump_2911,16,6.105047,6.070345,6.148982,239.98769605723496,25439.0,20.50549,9.278903,155.334618,806.9850452577726,25410.0,3,9,9,0.29982394958618397,0.2637614227647427,0.6554949443226262,0.29948215570521386,20.506626,9.387947,0.2977109447453716,13.671048,0.6666649111365273,2.239302662207187
mpi,Bump_2911,32,5.64942,5.565771,5.665796,220.8616443176043,25579.0,19.581387,12.578839,191.298848,767.0853214243741,25724.0,3,9,9,0.2893139285792166,0.057156031641083745,0.4355909403780065,0.2887257771938568,86.604721,12.549331,0.06523224063039243,17.592856,0.20313968796227636,3.1140995004796954
mpi,Queen_4147,2,48.578576,48.566415,48.596672,1832.116764095795,26515.0,48.529206,47.874137,49.04262,1844.110150118113,26307.0,3,9,9,1.0003431267080036,0.9999623904955122,1.0133331422298155,0.9933797814255076,48.558554,47.9752,1.000412326940378,63.288859,1.3033513930418934,1.3028142076457738
mpi,Queen_4147,4,24.884104,24.874521,24.894278,956.0145991010028,26029.0,28.357833,25.825952,29.127056,1086.007198080512,26359.0,3,9,9,0.8726860265953449,0.8679562252249854,0.9519165386556931,0.8803302854629057,25.861164,25.22737,0.9622190246347767,34.078212,1.3177369742522032,1.36947715698343
mpi,Queen_4147,8,14.692966,14.668379,14.72063,553.4282270518663,26549.0,19.603708,15.463286,125.936255,742.2212333121424,26557.0,3,9,9,0.7490622692400846,0.7467997391114416,0.7668551023591874,0.7452205974186233,19.511867000000002,15.395707,0.7530271705931574,20.782402,1.0651160137571662,1.4144456605970503
mpi,Queen_4147,16,9.591313,9.539258,9.670699,365.8990958684622,26213.0,168.815741,158.421239,196.635556,6365.361072357754,26445.0,3,9,9,0.05576985190001025,0.05456191260169238,0.057533282272609954,0.05579538267568645,163.22419,10.378728,0.05876159042357631,15.419054,0.09446549558616281,1.6076061744622452
mpi,Queen_4147,32,6.606554,6.586198,6.628713,251.63031803466006,26255.0,153.461613,20.557093,194.919061,5772.054500319706,26311.0,3,9,9,0.040051499994164956,0.03921574027317354,0.08344459164031552,0.039885222580363235,84.756884,17.213376,0.07794710810746652,14.904236000000001,0.17584690819922075,2.2559773219139663
nccl,Bump_2911,2,21.928393,21.909914,21.974494,868.4512079207921,25250.0,21.833999,21.183584,22.331894,857.3033129870628,25398.0,3,9,9,1.0009491633575087,0.9851885241206768,1.0169742996307995,1.012300294298175,21.593226,21.068109,1.0155218585680528,28.829298,1.3351084270594862,1.3147018114824922
nccl,Bump_2911,4,11.861674,11.836598,11.87136,474.5998479574281,24993.0,12.500363,12.27469,12.827142,491.42830759558336,25422.0,3,9,9,0.9488449436045885,0.9475475636034436,0.9662359161587876,0.9652220765050417,12.304452,11.966338,0.9640148135000243,17.114507,1.3909198881835616,1.4428407828439729
nccl,Bump_2911,8,10.9362195,10.238378,11.927588,421.58049034347175,25941.0,10.637523999999999,10.041562,11.960415,418.132828726545,25562.5,2,6,6,1.0338328222236783,0.9832563409744617,1.084409303472895,1.0138560571420583,7.937874,7.825346,1.3777265172009534,13.57604,1.710286658619172,1.2413832769175857
nccl,Bump_2911,16,11.779566,8.437658,14.81408,457.56549098819147,25744.0,12.995901,8.720593,18.678247,509.2836821067482,25518.0,3,9,9,0.7447846075344582,0.6424382808658284,1.0182121027035822,0.7539266187207885,6.287299,6.015579,1.8735495162549134,14.612434,2.3241194668807705,1.240490014657586
nccl,Bump_2911,32,13.710441,9.713025,21.23249,526.5550733543283,26038.0,18.870576,15.190035,23.770034,744.4601546473094,25630.0,3,9,9,0.7680256287118293,0.7335520024045922,0.9422207082919488,0.750003366666245,6.369126,6.001323,2.1526408803970907,19.779682,3.1055567121768357,1.4426729235040654
nccl,Queen_4147,2,49.135725,49.108067,49.148136,1853.1293607392042,26515.0,48.208666,47.765244,48.451999,1828.7180790531827,26362.0,3,9,9,1.01810060671795,1.0179135953081828,1.0258438072038165,1.013310324470754,47.9372,47.526483,1.0250019817594687,63.398156,1.3225252204968168,1.2902660131706614
nccl,Queen_4147,4,25.555934,25.548363,25.579643,967.9178123698065,26403.0,25.623638,25.424859,26.009292,975.365749798596,26299.0,3,9,9,0.9948266700076314,0.9909830865349337,0.9975086030264996,0.9933783867742406,25.477765,25.048083,1.0030681262661776,34.815374,1.3665003190036487,1.362320547548761
nccl,Queen_4147,8,18.086238,17.509848,18.911264,688.2130136986302,26280.0,19.556005,16.206253,21.329226,740.5333611026961,26403.0,3,9,9,0.9202389582866459,0.8748617971445324,0.9420525053809519,0.9295183846164011,15.187863,15.008961,1.1908349449820559,21.044535,1.3856152771459684,1.1635661877279286
nccl,Queen_4147,16,15.35507,14.752689,21.276005,580.1371467432372,26468.0,15.186703,13.068853,22.759698,567.4726477841715,26468.0,3,9,9,0.9845369992420343,0.8603965890397574,1.0902545634777927,0.995472992810765,9.743643,9.591972,1.5759064653743984,905.481746,92.93051336137829,58.96956158454505
nccl,Queen_4147,32,16.431959,11.416465,26.06501,636.724880846282,25807.0,23.980057,10.248322,33.978122,911.0963905775076,26320.0,3,9,9,0.8298336200773955,0.6310802764146891,0.966686973198928,0.8440784487554398,7.512502,7.24921,2.187281813702013,16.668408999999997,2.2187560149734398,1.014389641551564
