matrix,backend,ranks,best_solver_s,median_solver_s,max_solver_s,best_iterations,best_iteration_us,gflops_per_gpu,best_allreduce_us,n_trials,n_jobs,best_source
Bump_2911,acg-cg-mpi,2,21.619598,22.047493,22.434733,24920.0,867.5601123595505,164.01426760099795,26.980859516070787,9,3,acg-results/acg-cg-mpi/suitesparse/Bump_2911/Bump_2911-rtol-1e-6-001-nodes-0002-procs-55407822-1-stderr.txt
Bump_2911,acg-cg-mpi,4,12.261094,12.505354,12.614819,24998.0,490.48299863989115,145.05316235769828,27.685207408296332,9,3,acg-results/acg-cg-mpi/suitesparse/Bump_2911/Bump_2911-rtol-1e-6-001-nodes-0004-procs-55407813-2-stderr.txt
Bump_2911,acg-cg-mpi,8,8.229548,13.542155,13.985969,24728.0,332.80281462309927,106.88932821553504,31.313013061587608,9,3,acg-results/acg-cg-mpi/suitesparse/Bump_2911/Bump_2911-rtol-1e-6-002-nodes-0008-procs-55407808-2-stderr.txt
Bump_2911,acg-cg-mpi,16,9.387947,20.506626,188.21972,25494.0,368.2414293559269,48.301232238981534,63.236320847224945,9,3,acg-results/acg-cg-mpi/suitesparse/Bump_2911/Bump_2911-rtol-1e-6-004-nodes-0016-procs-55407809-1-stderr.txt
Bump_2911,acg-cg-mpi,32,12.549331,86.604721,177.180182,25633.0,489.57714664690053,18.165177283753213,117.38546461730515,8,3,acg-results/acg-cg-mpi/suitesparse/Bump_2911/Bump_2911-rtol-1e-6-008-nodes-0032-procs-55407827-3-stderr.txt
Bump_2911,acg-cg-nccl,2,21.068109,21.593226,21.95163,24777.0,850.3091173265528,167.3418099201974,12.941076761643393,9,3,acg-results/acg-cg-nccl/suitesparse/Bump_2911/Bump_2911-rtol-1e-6-001-nodes-0002-procs-55407197-3-stderr.txt
Bump_2911,acg-cg-nccl,4,11.966338,12.304452,12.561063,24656.0,485.3316839714471,146.59283255169626,16.201200470454637,9,3,acg-results/acg-cg-nccl/suitesparse/Bump_2911/Bump_2911-rtol-1e-6-001-nodes-0004-procs-55407198-1-stderr.txt
Bump_2911,acg-cg-nccl,8,7.825346,7.937874,8.401343,25470.0,307.2377699254024,115.78339087172631,23.61744729299988,9,3,acg-results/acg-cg-nccl/suitesparse/Bump_2911/Bump_2911-rtol-1e-6-002-nodes-0008-procs-55407137-1-stderr.txt
Bump_2911,acg-cg-nccl,16,6.015579,6.287299,6.421303,25102.0,239.64540674049877,74.22017823857854,31.843584432139586,9,3,acg-results/acg-cg-nccl/suitesparse/Bump_2911/Bump_2911-rtol-1e-6-004-nodes-0016-procs-55407180-1-stderr.txt
Bump_2911,acg-cg-nccl,32,6.001323,6.369126,6.679698,25279.0,237.4034969737727,37.46052706465724,46.86455696202532,9,3,acg-results/acg-cg-nccl/suitesparse/Bump_2911/Bump_2911-rtol-1e-6-008-nodes-0032-procs-55407181-3-stderr.txt
Bump_2911,acg-cg-nvshmem,2,22.085499,22.363051,22.490264,25388.0,869.9188199149204,163.5694464041768,18.255090787348852,9,3,acg-results/acg-cg-nvshmem/suitesparse/Bump_2911/Bump_2911-rtol-1e-6-001-nodes-0002-procs-55407182-3-stderr.txt
Bump_2911,acg-cg-nvshmem,4,13.284798,13.502549,13.667997,25034.0,530.6702085164177,134.06840093142551,23.512941881366086,9,3,acg-results/acg-cg-nvshmem/suitesparse/Bump_2911/Bump_2911-rtol-1e-6-001-nodes-0004-procs-55407145-1-stderr.txt
Bump_2911,acg-cg-nvshmem,8,11.392699,11.589772,11.893063,25325.0,449.85978282329717,79.07583541810418,47.91155334438916,9,3,acg-results/acg-cg-nvshmem/suitesparse/Bump_2911/Bump_2911-rtol-1e-6-002-nodes-0008-procs-55407146-2-stderr.txt
Bump_2911,acg-cg-nvshmem,16,11.747462,12.02698,12.281306,25151.0,467.0773329092283,38.08046822594531,69.72373966284987,7,3,acg-results/acg-cg-nvshmem/suitesparse/Bump_2911/Bump_2911-rtol-1e-6-004-nodes-0016-procs-55407187-1-stderr.txt
Bump_2911,acg-cg-nvshmem,32,13.4768,13.728006,13.980903,24971.0,539.6980497376958,16.478221686954615,105.80341983020983,9,3,acg-results/acg-cg-nvshmem/suitesparse/Bump_2911/Bump_2911-rtol-1e-6-008-nodes-0032-procs-55407207-1-stderr.txt
Bump_2911,acg-cg-oshmpi,2,22.176521,22.900127,26.034958,25264.0,877.79136320456,162.10248928287714,26.65996437759747,9,3,acg-results/acg-cg-oshmpi/suitesparse/Bump_2911/Bump_2911-rtol-1e-6-001-nodes-0002-procs-56216554-2-stderr.txt
Bump_2911,acg-cg-oshmpi,4,12.715619,13.096043,13.382118,24993.0,508.76721482014966,139.84020291737272,27.784688325198044,9,3,acg-results/acg-cg-oshmpi/suitesparse/Bump_2911/Bump_2911-rtol-1e-6-001-nodes-0004-procs-56216555-1-stderr.txt
Bump_2911,acg-cg-oshmpi,8,9.185323,9.560252,9.791427,24615.0,373.15957749339833,95.32939120997705,28.505382677933053,9,3,acg-results/acg-cg-oshmpi/suitesparse/Bump_2911/Bump_2911-rtol-1e-6-002-nodes-0008-procs-56216564-2-stderr.txt
Bump_2911,acg-cg-oshmpi,16,8.197612,8.425104,8.628914,24569.0,333.6567218853026,53.30789925322155,32.289133089133095,9,3,acg-results/acg-cg-oshmpi/suitesparse/Bump_2911/Bump_2911-rtol-1e-6-004-nodes-0016-procs-56216557-3-stderr.txt
Bump_2911,acg-cg-oshmpi,32,8.003543,8.332113,9.699423,24997.0,320.18014161699404,27.77581308627941,34.249839987198975,9,3,acg-results/acg-cg-oshmpi/suitesparse/Bump_2911/Bump_2911-rtol-1e-6-008-nodes-0032-procs-56216572-3-stderr.txt
Bump_2911,acg-cg-single,1,38.955687,38.98112,39.006492,25634.0,1519.6881875633924,187.26485021373134,,27,9,acg-results/acg-cg-single/suitesparse/Bump_2911/Bump_2911-rtol-1e-6-001-nodes-0001-procs-55405571-2-stderr.txt
Bump_2911,acg-device-nvshmem,2,24.176462,24.702459,25.18971,25942.0,931.9428725618689,152.68321062304318,,9,3,acg-results/acg-device-nvshmem/suitesparse/Bump_2911/Bump_2911-rtol-1e-6-001-nodes-0002-procs-55407208-1-stderr.txt
Bump_2911,acg-device-nvshmem,4,13.280447,13.751625,13.972742,25510.0,520.5976871814975,136.6622621308605,,9,3,acg-results/acg-device-nvshmem/suitesparse/Bump_2911/Bump_2911-rtol-1e-6-001-nodes-0004-procs-55407192-2-stderr.txt
Bump_2911,acg-device-nvshmem,8,8.955209,9.081918,9.293372,25620.0,349.53977361436375,101.77103146330812,,9,3,acg-results/acg-device-nvshmem/suitesparse/Bump_2911/Bump_2911-rtol-1e-6-002-nodes-0008-procs-55407210-1-stderr.txt
Bump_2911,acg-device-nvshmem,16,6.77065,6.917635,7.113017,25583.0,264.6542625962553,67.20659775686234,,9,3,acg-results/acg-device-nvshmem/suitesparse/Bump_2911/Bump_2911-rtol-1e-6-004-nodes-0016-procs-55407212-1-stderr.txt
Bump_2911,acg-device-nvshmem,32,6.320421,6.413378,6.56413,25843.0,244.5699415702511,36.362821274682496,,9,3,acg-results/acg-device-nvshmem/suitesparse/Bump_2911/Bump_2911-rtol-1e-6-008-nodes-0032-procs-55407195-3-stderr.txt
Queen_4147,acg-cg-mpi,2,47.9752,48.558554,49.103053,26060.0,1840.951650038373,190.25357727396656,26.827865392732434,9,3,acg-results/acg-cg-mpi/suitesparse/Queen_4147/Queen_4147-rtol-1e-6-001-nodes-0002-procs-55398883-1-stderr.txt
Queen_4147,acg-cg-mpi,4,25.22737,25.861164,28.633377,25713.0,981.1134445611169,178.49506177290775,28.04612273469705,9,3,acg-results/acg-cg-mpi/suitesparse/Queen_4147/Queen_4147-rtol-1e-6-001-nodes-0004-procs-55398878-1-stderr.txt
Queen_4147,acg-cg-mpi,8,15.395707,19.511867000000002,131.382215,26432.0,582.4647018765132,150.32990655580159,36.78201490561041,8,3,acg-results/acg-cg-mpi/suitesparse/Queen_4147/Queen_4147-rtol-1e-6-002-nodes-0008-procs-55398873-3-stderr.txt
Queen_4147,acg-cg-mpi,16,10.378728,163.22419,184.14936,26174.0,396.52815771376174,110.41069039854882,44.67006685768863,9,3,acg-results/acg-cg-mpi/suitesparse/Queen_4147/Queen_4147-rtol-1e-6-004-nodes-0016-procs-55398886-1-stderr.txt
Queen_4147,acg-cg-mpi,32,17.213376,84.756884,180.282595,26406.0,651.8736650761191,33.58084242523808,183.98737077290113,9,3,acg-results/acg-cg-mpi/suitesparse/Queen_4147/Queen_4147-rtol-1e-6-008-nodes-0032-procs-55398887-2-stderr.txt
Queen_4147,acg-cg-nccl,2,47.526483,47.9372,48.495479,26057.0,1823.9430095559733,192.02773148461247,13.467188579323048,9,3,acg-results/acg-cg-nccl/suitesparse/Queen_4147/Queen_4147-rtol-1e-6-001-nodes-0002-procs-55398423-1-stderr.txt
Queen_4147,acg-cg-nccl,4,25.048083,25.477765,25.745484,25858.0,968.6782813829375,180.78640956208108,15.520669786147955,9,3,acg-results/acg-cg-nccl/suitesparse/Queen_4147/Queen_4147-rtol-1e-6-001-nodes-0004-procs-55398431-1-stderr.txt
Queen_4147,acg-cg-nccl,8,15.008961,15.187863,15.342628,26069.0,575.7398058997276,152.08590278067882,25.169236670502492,9,3,acg-results/acg-cg-nccl/suitesparse/Queen_4147/Queen_4147-rtol-1e-6-002-nodes-0008-procs-55398432-3-stderr.txt
Queen_4147,acg-cg-nccl,16,9.591972,9.743643,9.833297,26177.0,366.4274745005157,119.48052621520371,36.390079456031785,9,3,acg-results/acg-cg-nccl/suitesparse/Queen_4147/Queen_4147-rtol-1e-6-004-nodes-0016-procs-55398433-1-stderr.txt
Queen_4147,acg-cg-nccl,32,7.24921,7.512502,8.245621,26134.0,277.386163618275,78.9169681778256,42.9596900707863,9,3,acg-results/acg-cg-nccl/suitesparse/Queen_4147/Queen_4147-rtol-1e-6-008-nodes-0032-procs-55398441-3-stderr.txt
Queen_4147,acg-cg-nvshmem,2,48.355726,48.869693,49.134852,26230.0,1843.527487609607,189.98770367368698,18.75950211581716,9,3,acg-results/acg-cg-nvshmem/suitesparse/Queen_4147/Queen_4147-rtol-1e-6-001-nodes-0002-procs-55399467-2-stderr.txt
Queen_4147,acg-cg-nvshmem,4,26.555267,26.937532,27.25747,25973.0,1022.4181650175183,171.28396769416779,23.681181181181177,9,3,acg-results/acg-cg-nvshmem/suitesparse/Queen_4147/Queen_4147-rtol-1e-6-001-nodes-0004-procs-55399468-2-stderr.txt
Queen_4147,acg-cg-nvshmem,8,18.09443,18.245652,18.385082,26264.0,688.944182150472,127.09575994615471,55.183152484294695,7,3,acg-results/acg-cg-nvshmem/suitesparse/Queen_4147/Queen_4147-rtol-1e-6-002-nodes-0008-procs-55399443-2-stderr.txt
Queen_4147,acg-cg-nvshmem,16,14.641638,15.020775,15.261105,25862.0,566.1448457195886,77.33174153142906,76.73228163786104,9,3,acg-results/acg-cg-nvshmem/suitesparse/Queen_4147/Queen_4147-rtol-1e-6-004-nodes-0016-procs-55399456-2-stderr.txt
Queen_4147,acg-cg-nvshmem,32,14.677332,14.875401,15.130225,26150.0,561.2746462715105,39.00136003725848,107.23368131237811,9,3,acg-results/acg-cg-nvshmem/suitesparse/Queen_4147/Queen_4147-rtol-1e-6-008-nodes-0032-procs-55399445-3-stderr.txt
Queen_4147,acg-cg-oshmpi,2,48.310523,48.916715,51.011907,26087.0,1851.9002951661748,189.12876933565798,26.831110088929773,9,3,acg-results/acg-cg-oshmpi/suitesparse/Queen_4147/Queen_4147-rtol-1e-6-001-nodes-0002-procs-56216574-2-stderr.txt
Queen_4147,acg-cg-oshmpi,4,26.165186,26.588406,26.673843,26202.0,998.594992748645,175.3701801864126,27.648055566156547,9,3,acg-results/acg-cg-oshmpi/suitesparse/Queen_4147/Queen_4147-rtol-1e-6-001-nodes-0004-procs-56216581-2-stderr.txt
Queen_4147,acg-cg-oshmpi,8,15.902366,16.26468,16.575626,25712.0,618.480320472931,141.57597206293076,30.94205265818847,9,3,acg-results/acg-cg-oshmpi/suitesparse/Queen_4147/Queen_4147-rtol-1e-6-002-nodes-0008-procs-56216582-2-stderr.txt
Queen_4147,acg-cg-oshmpi,16,11.665915,11.810673,11.924574,25948.0,449.5882148913211,97.38013605261568,33.045647231107175,9,3,acg-results/acg-cg-oshmpi/suitesparse/Queen_4147/Queen_4147-rtol-1e-6-004-nodes-0016-procs-56216590-1-stderr.txt
Queen_4147,acg-cg-oshmpi,32,9.603186,9.864026,10.046595,26007.0,369.2538931826047,59.2830010675103,34.345066902491546,9,3,acg-results/acg-cg-oshmpi/suitesparse/Queen_4147/Queen_4147-rtol-1e-6-008-nodes-0032-procs-56216591-3-stderr.txt
Queen_4147,acg-cg-single,1,88.802312,88.8288795,88.86552,25839.0,3436.7549827779712,203.82468245015963,,36,12,acg-results/acg-cg-single/suitesparse/Queen_4147/Queen_4147-rtol-1e-6-001-nodes-0001-procs-55399479-3-stderr.txt
Queen_4147,acg-device-nvshmem,2,52.51311,54.434915,55.242997,25776.0,2037.2870111731843,171.91872139315308,,9,3,acg-results/acg-device-nvshmem/suitesparse/Queen_4147/Queen_4147-rtol-1e-6-001-nodes-0002-procs-55399458-2-stderr.txt
Queen_4147,acg-device-nvshmem,4,28.551494,29.295999,29.570289,26076.0,1094.9338088663906,159.94009241299247,,9,3,acg-results/acg-device-nvshmem/suitesparse/Queen_4147/Queen_4147-rtol-1e-6-001-nodes-0004-procs-55399447-1-stderr.txt
Queen_4147,acg-device-nvshmem,8,16.820274,17.022022,17.211423,26340.0,638.5829157175399,137.1190382206913,,9,3,acg-results/acg-device-nvshmem/suitesparse/Queen_4147/Queen_4147-rtol-1e-6-002-nodes-0008-procs-55399462-2-stderr.txt
Queen_4147,acg-device-nvshmem,16,10.816626,11.091413,11.348301,25891.0,417.77552045112196,104.79542943298586,,9,3,acg-results/acg-device-nvshmem/suitesparse/Queen_4147/Queen_4147-rtol-1e-6-004-nodes-0016-procs-55399463-3-stderr.txt
Queen_4147,acg-device-nvshmem,32,8.794917,8.913924,9.037977,26245.0,335.10828729281764,65.32357599795996,,9,3,acg-results/acg-device-nvshmem/suitesparse/Queen_4147/Queen_4147-rtol-1e-6-008-nodes-0032-procs-55399450-3-stderr.txt
