topology,ranks,routing,hidden,backend,tokens_per_rank,useful_bytes,job,trial_count,mean_us
1n1g,1,hotspot80,256,cuda_mpi,16384,33554432,57912126,3,65.48963333333333
1n1g,1,hotspot80,256,cuda_mpi,16384,33554432,57912127,3,65.77166666666666
1n1g,1,hotspot80,256,cuda_mpi,16384,33554432,57912128,3,65.46363333333333
1n1g,1,hotspot80,256,cuda_mpi,16384,33554432,57912129,3,65.50556666666667
1n1g,1,hotspot80,256,cuda_mpi,16384,33554432,57912130,3,65.693
1n1g,1,hotspot80,256,cuda_nccl,16384,33554432,57912164,3,82.40333333333334
1n1g,1,hotspot80,256,cuda_nccl,16384,33554432,57912166,3,81.6454
1n1g,1,hotspot80,256,cuda_nccl,16384,33554432,57912168,3,82.55986666666666
1n1g,1,hotspot80,256,cuda_nccl,16384,33554432,57912170,3,82.8981
1n1g,1,hotspot80,256,cuda_nccl,16384,33554432,57912173,3,82.56516666666667
1n1g,1,hotspot80,256,cuda_nvshmem,16384,33554432,57912230,3,84.71993333333333
1n1g,1,hotspot80,256,cuda_nvshmem,16384,33554432,57912231,3,83.98813333333334
1n1g,1,hotspot80,256,cuda_nvshmem,16384,33554432,57912232,3,84.15546666666667
1n1g,1,hotspot80,256,cuda_nvshmem,16384,33554432,57912233,3,82.68443333333333
1n1g,1,hotspot80,256,cuda_nvshmem,16384,33554432,57912235,3,84.20053333333334
1n1g,1,hotspot80,256,oshmpi,16384,33554432,57912316,3,69.66373333333334
1n1g,1,hotspot80,256,oshmpi,16384,33554432,57912317,3,69.99616666666667
1n1g,1,hotspot80,256,oshmpi,16384,33554432,57912318,3,70.4298
1n1g,1,hotspot80,256,oshmpi,16384,33554432,57912319,3,69.60146666666667
1n1g,1,hotspot80,256,oshmpi,16384,33554432,57912320,3,69.65663333333333
1n1g,1,hotspot80,256,sycl_mpi,16384,33554432,57912352,3,65.66343333333333
1n1g,1,hotspot80,256,sycl_mpi,16384,33554432,57912356,3,66.04576666666667
1n1g,1,hotspot80,256,sycl_mpi,16384,33554432,57912357,3,65.79723333333334
1n1g,1,hotspot80,256,sycl_mpi,16384,33554432,57912358,3,65.85896666666667
1n1g,1,hotspot80,256,sycl_mpi,16384,33554432,57912359,3,66.28496666666666
1n1g,1,hotspot80,256,sycl_oneccl,16384,33554432,57912441,3,79.05556666666666
1n1g,1,hotspot80,256,sycl_oneccl,16384,33554432,57912445,3,79.21506666666667
1n1g,1,hotspot80,256,sycl_oneccl,16384,33554432,57912453,3,79.16443333333333
1n1g,1,hotspot80,256,sycl_oneccl,16384,33554432,57912454,3,79.0802
1n1g,1,hotspot80,256,sycl_oneccl,16384,33554432,57912455,3,86.69416666666666
1n1g,1,locality80,256,cuda_mpi,16384,33554432,57912126,3,65.43066666666667
1n1g,1,locality80,256,cuda_mpi,16384,33554432,57912127,3,65.58253333333333
1n1g,1,locality80,256,cuda_mpi,16384,33554432,57912128,3,65.3064
1n1g,1,locality80,256,cuda_mpi,16384,33554432,57912129,3,65.44636666666666
1n1g,1,locality80,256,cuda_mpi,16384,33554432,57912130,3,65.4701
1n1g,1,locality80,256,cuda_nccl,16384,33554432,57912164,3,82.38363333333334
1n1g,1,locality80,256,cuda_nccl,16384,33554432,57912166,3,81.67626666666666
1n1g,1,locality80,256,cuda_nccl,16384,33554432,57912168,3,82.6689
1n1g,1,locality80,256,cuda_nccl,16384,33554432,57912170,3,82.89843333333333
1n1g,1,locality80,256,cuda_nccl,16384,33554432,57912173,3,82.37266666666666
1n1g,1,locality80,256,cuda_nvshmem,16384,33554432,57912230,3,84.49993333333333
1n1g,1,locality80,256,cuda_nvshmem,16384,33554432,57912231,3,84.1918
1n1g,1,locality80,256,cuda_nvshmem,16384,33554432,57912232,3,84.0286
1n1g,1,locality80,256,cuda_nvshmem,16384,33554432,57912233,3,82.71906666666666
1n1g,1,locality80,256,cuda_nvshmem,16384,33554432,57912235,3,84.16466666666666
1n1g,1,locality80,256,oshmpi,16384,33554432,57912316,3,69.6871
1n1g,1,locality80,256,oshmpi,16384,33554432,57912317,3,69.9598
1n1g,1,locality80,256,oshmpi,16384,33554432,57912318,3,70.32176666666666
1n1g,1,locality80,256,oshmpi,16384,33554432,57912319,3,69.7188
1n1g,1,locality80,256,oshmpi,16384,33554432,57912320,3,69.6891
1n1g,1,locality80,256,sycl_mpi,16384,33554432,57912352,3,65.7552
1n1g,1,locality80,256,sycl_mpi,16384,33554432,57912356,3,66.28266666666667
1n1g,1,locality80,256,sycl_mpi,16384,33554432,57912357,3,65.76076666666667
1n1g,1,locality80,256,sycl_mpi,16384,33554432,57912358,3,65.7459
1n1g,1,locality80,256,sycl_mpi,16384,33554432,57912359,3,66.46043333333333
1n1g,1,locality80,256,sycl_oneccl,16384,33554432,57912441,3,79.21823333333333
1n1g,1,locality80,256,sycl_oneccl,16384,33554432,57912445,3,79.389
1n1g,1,locality80,256,sycl_oneccl,16384,33554432,57912453,3,79.38943333333333
1n1g,1,locality80,256,sycl_oneccl,16384,33554432,57912454,3,79.211
1n1g,1,locality80,256,sycl_oneccl,16384,33554432,57912455,3,79.18853333333334
1n1g,1,uniform,256,cuda_mpi,16384,33554432,57912126,3,65.56093333333334
1n1g,1,uniform,256,cuda_mpi,16384,33554432,57912127,3,65.523
1n1g,1,uniform,256,cuda_mpi,16384,33554432,57912128,3,65.37416666666667
1n1g,1,uniform,256,cuda_mpi,16384,33554432,57912129,3,65.7038
1n1g,1,uniform,256,cuda_mpi,16384,33554432,57912130,3,65.53756666666666
1n1g,1,uniform,256,cuda_nccl,16384,33554432,57912164,3,84.70423333333333
1n1g,1,uniform,256,cuda_nccl,16384,33554432,57912166,3,84.1966
1n1g,1,uniform,256,cuda_nccl,16384,33554432,57912168,3,85.05453333333334
1n1g,1,uniform,256,cuda_nccl,16384,33554432,57912170,3,85.0258
1n1g,1,uniform,256,cuda_nccl,16384,33554432,57912173,3,84.5469
1n1g,1,uniform,256,cuda_nvshmem,16384,33554432,57912230,3,84.6991
1n1g,1,uniform,256,cuda_nvshmem,16384,33554432,57912231,3,83.90803333333334
1n1g,1,uniform,256,cuda_nvshmem,16384,33554432,57912232,3,83.9924
1n1g,1,uniform,256,cuda_nvshmem,16384,33554432,57912233,3,82.75936666666666
1n1g,1,uniform,256,cuda_nvshmem,16384,33554432,57912235,3,84.22746666666667
1n1g,1,uniform,256,oshmpi,16384,33554432,57912316,3,69.62373333333333
1n1g,1,uniform,256,oshmpi,16384,33554432,57912317,3,70.1374
1n1g,1,uniform,256,oshmpi,16384,33554432,57912318,3,70.4628
1n1g,1,uniform,256,oshmpi,16384,33554432,57912319,3,69.88123333333333
1n1g,1,uniform,256,oshmpi,16384,33554432,57912320,3,69.85213333333333
1n1g,1,uniform,256,sycl_mpi,16384,33554432,57912352,3,65.68113333333334
1n1g,1,uniform,256,sycl_mpi,16384,33554432,57912356,3,66.16786666666667
1n1g,1,uniform,256,sycl_mpi,16384,33554432,57912357,3,65.7993
1n1g,1,uniform,256,sycl_mpi,16384,33554432,57912358,3,65.8686
1n1g,1,uniform,256,sycl_mpi,16384,33554432,57912359,3,66.33573333333334
1n1g,1,uniform,256,sycl_oneccl,16384,33554432,57912441,3,79.07156666666667
1n1g,1,uniform,256,sycl_oneccl,16384,33554432,57912445,3,79.28696666666667
1n1g,1,uniform,256,sycl_oneccl,16384,33554432,57912453,3,79.37033333333333
1n1g,1,uniform,256,sycl_oneccl,16384,33554432,57912454,3,79.15213333333334
1n1g,1,uniform,256,sycl_oneccl,16384,33554432,57912455,3,79.0709
1n2g,2,hotspot80,256,cuda_mpi,16384,33554432,57912131,3,371.247
1n2g,2,hotspot80,256,cuda_mpi,16384,33554432,57912132,3,370.947
1n2g,2,hotspot80,256,cuda_mpi,16384,33554432,57912133,3,371.539
1n2g,2,hotspot80,256,cuda_mpi,16384,33554432,57912134,3,371.3983333333333
1n2g,2,hotspot80,256,cuda_mpi,16384,33554432,57912135,3,371.12033333333335
1n2g,2,hotspot80,256,cuda_nccl,16384,33554432,57912174,3,462.2
1n2g,2,hotspot80,256,cuda_nccl,16384,33554432,57912194,3,460.956
1n2g,2,hotspot80,256,cuda_nccl,16384,33554432,57912195,3,454.29499999999996
1n2g,2,hotspot80,256,cuda_nccl,16384,33554432,57912196,3,459.476
1n2g,2,hotspot80,256,cuda_nccl,16384,33554432,57912197,3,458.59000000000003
1n2g,2,hotspot80,256,cuda_nvshmem,16384,33554432,57912237,3,427.8
1n2g,2,hotspot80,256,cuda_nvshmem,16384,33554432,57912238,3,429.234
1n2g,2,hotspot80,256,cuda_nvshmem,16384,33554432,57912240,3,427.673
1n2g,2,hotspot80,256,cuda_nvshmem,16384,33554432,57912241,3,428.30066666666664
1n2g,2,hotspot80,256,cuda_nvshmem,16384,33554432,57912242,3,428.83033333333333
1n2g,2,hotspot80,256,oshmpi,16384,33554432,57912321,3,342.99533333333335
1n2g,2,hotspot80,256,oshmpi,16384,33554432,57912322,3,343.53766666666667
1n2g,2,hotspot80,256,oshmpi,16384,33554432,57912323,3,347.514
1n2g,2,hotspot80,256,oshmpi,16384,33554432,57912324,3,342.4943333333333
1n2g,2,hotspot80,256,oshmpi,16384,33554432,57912325,3,343.0203333333333
1n2g,2,hotspot80,256,sycl_mpi,16384,33554432,57912360,3,371.84
1n2g,2,hotspot80,256,sycl_mpi,16384,33554432,57912361,3,371.723
1n2g,2,hotspot80,256,sycl_mpi,16384,33554432,57912362,3,374.813
1n2g,2,hotspot80,256,sycl_mpi,16384,33554432,57912363,3,371.4773333333333
1n2g,2,hotspot80,256,sycl_mpi,16384,33554432,57912365,3,371.8806666666667
1n2g,2,hotspot80,256,sycl_oneccl,16384,33554432,57912456,3,490.61633333333333
1n2g,2,hotspot80,256,sycl_oneccl,16384,33554432,57912457,3,489.6143333333333
1n2g,2,hotspot80,256,sycl_oneccl,16384,33554432,57912458,3,497.88166666666666
1n2g,2,hotspot80,256,sycl_oneccl,16384,33554432,57912459,3,493.50466666666665
1n2g,2,hotspot80,256,sycl_oneccl,16384,33554432,57912460,3,500.214
1n2g,2,locality80,256,cuda_mpi,16384,33554432,57912131,3,155.87366666666668
1n2g,2,locality80,256,cuda_mpi,16384,33554432,57912132,3,156.37233333333333
1n2g,2,locality80,256,cuda_mpi,16384,33554432,57912133,3,156.38433333333333
1n2g,2,locality80,256,cuda_mpi,16384,33554432,57912134,3,156.41866666666667
1n2g,2,locality80,256,cuda_mpi,16384,33554432,57912135,3,155.947
1n2g,2,locality80,256,cuda_nccl,16384,33554432,57912174,3,257.361
1n2g,2,locality80,256,cuda_nccl,16384,33554432,57912194,3,259.9436666666667
1n2g,2,locality80,256,cuda_nccl,16384,33554432,57912195,3,258.707
1n2g,2,locality80,256,cuda_nccl,16384,33554432,57912196,3,258.26166666666666
1n2g,2,locality80,256,cuda_nccl,16384,33554432,57912197,3,257.19766666666663
1n2g,2,locality80,256,cuda_nvshmem,16384,33554432,57912237,3,144.14000000000001
1n2g,2,locality80,256,cuda_nvshmem,16384,33554432,57912238,3,146.24233333333333
1n2g,2,locality80,256,cuda_nvshmem,16384,33554432,57912240,3,144.63566666666668
1n2g,2,locality80,256,cuda_nvshmem,16384,33554432,57912241,3,145.29966666666667
1n2g,2,locality80,256,cuda_nvshmem,16384,33554432,57912242,3,144.524
1n2g,2,locality80,256,oshmpi,16384,33554432,57912321,3,154.92499999999998
1n2g,2,locality80,256,oshmpi,16384,33554432,57912322,3,154.73066666666668
1n2g,2,locality80,256,oshmpi,16384,33554432,57912323,3,157.22333333333333
1n2g,2,locality80,256,oshmpi,16384,33554432,57912324,3,154.52033333333333
1n2g,2,locality80,256,oshmpi,16384,33554432,57912325,3,154.404
1n2g,2,locality80,256,sycl_mpi,16384,33554432,57912360,3,156.72566666666665
1n2g,2,locality80,256,sycl_mpi,16384,33554432,57912361,3,156.872
1n2g,2,locality80,256,sycl_mpi,16384,33554432,57912362,3,158.35666666666665
1n2g,2,locality80,256,sycl_mpi,16384,33554432,57912363,3,156.345
1n2g,2,locality80,256,sycl_mpi,16384,33554432,57912365,3,156.26233333333334
1n2g,2,locality80,256,sycl_oneccl,16384,33554432,57912456,3,264.7343333333333
1n2g,2,locality80,256,sycl_oneccl,16384,33554432,57912457,3,263.4286666666667
1n2g,2,locality80,256,sycl_oneccl,16384,33554432,57912458,3,264.8793333333333
1n2g,2,locality80,256,sycl_oneccl,16384,33554432,57912459,3,263.943
1n2g,2,locality80,256,sycl_oneccl,16384,33554432,57912460,3,267.45933333333335
1n2g,2,uniform,256,cuda_mpi,16384,33554432,57912131,3,253.09866666666667
1n2g,2,uniform,256,cuda_mpi,16384,33554432,57912132,3,253.21866666666665
1n2g,2,uniform,256,cuda_mpi,16384,33554432,57912133,3,253.37433333333334
1n2g,2,uniform,256,cuda_mpi,16384,33554432,57912134,3,253.367
1n2g,2,uniform,256,cuda_mpi,16384,33554432,57912135,3,253.093
1n2g,2,uniform,256,cuda_nccl,16384,33554432,57912174,3,378.4273333333333
1n2g,2,uniform,256,cuda_nccl,16384,33554432,57912194,3,378.21733333333333
1n2g,2,uniform,256,cuda_nccl,16384,33554432,57912195,3,378.48766666666666
1n2g,2,uniform,256,cuda_nccl,16384,33554432,57912196,3,378.0163333333333
1n2g,2,uniform,256,cuda_nccl,16384,33554432,57912197,3,377.77166666666665
1n2g,2,uniform,256,cuda_nvshmem,16384,33554432,57912237,3,295.3496666666667
1n2g,2,uniform,256,cuda_nvshmem,16384,33554432,57912238,3,296.98633333333333
1n2g,2,uniform,256,cuda_nvshmem,16384,33554432,57912240,3,295.394
1n2g,2,uniform,256,cuda_nvshmem,16384,33554432,57912241,3,296.448
1n2g,2,uniform,256,cuda_nvshmem,16384,33554432,57912242,3,295.685
1n2g,2,uniform,256,oshmpi,16384,33554432,57912321,3,248.12466666666666
1n2g,2,uniform,256,oshmpi,16384,33554432,57912322,3,247.56266666666667
1n2g,2,uniform,256,oshmpi,16384,33554432,57912323,3,251.022
1n2g,2,uniform,256,oshmpi,16384,33554432,57912324,3,246.925
1n2g,2,uniform,256,oshmpi,16384,33554432,57912325,3,246.78833333333333
1n2g,2,uniform,256,sycl_mpi,16384,33554432,57912360,3,253.77933333333334
1n2g,2,uniform,256,sycl_mpi,16384,33554432,57912361,3,254.37066666666666
1n2g,2,uniform,256,sycl_mpi,16384,33554432,57912362,3,256.71166666666664
1n2g,2,uniform,256,sycl_mpi,16384,33554432,57912363,3,253.40633333333335
1n2g,2,uniform,256,sycl_mpi,16384,33554432,57912365,3,253.359
1n2g,2,uniform,256,sycl_oneccl,16384,33554432,57912456,3,412.5883333333333
1n2g,2,uniform,256,sycl_oneccl,16384,33554432,57912457,3,412.837
1n2g,2,uniform,256,sycl_oneccl,16384,33554432,57912458,3,412.7083333333333
1n2g,2,uniform,256,sycl_oneccl,16384,33554432,57912459,3,413.454
1n2g,2,uniform,256,sycl_oneccl,16384,33554432,57912460,3,415.84666666666664
1n4g,4,hotspot80,256,cuda_mpi,16384,33554432,57912137,3,387.9816666666666
1n4g,4,hotspot80,256,cuda_mpi,16384,33554432,57912138,3,383.9433333333333
1n4g,4,hotspot80,256,cuda_mpi,16384,33554432,57912139,3,386.092
1n4g,4,hotspot80,256,cuda_mpi,16384,33554432,57912140,3,385.3326666666667
1n4g,4,hotspot80,256,cuda_mpi,16384,33554432,57912141,3,386.8546666666667
1n4g,4,hotspot80,256,cuda_nccl,16384,33554432,57912199,3,435.44533333333334
1n4g,4,hotspot80,256,cuda_nccl,16384,33554432,57912200,3,436.10133333333334
1n4g,4,hotspot80,256,cuda_nccl,16384,33554432,57912202,3,435.89433333333335
1n4g,4,hotspot80,256,cuda_nccl,16384,33554432,57912203,3,443.771
1n4g,4,hotspot80,256,cuda_nccl,16384,33554432,57912204,3,435.9923333333333
1n4g,4,hotspot80,256,cuda_nvshmem,16384,33554432,57912243,3,651.6413333333334
1n4g,4,hotspot80,256,cuda_nvshmem,16384,33554432,57912245,3,662.7383333333333
1n4g,4,hotspot80,256,cuda_nvshmem,16384,33554432,57912246,3,657.519
1n4g,4,hotspot80,256,cuda_nvshmem,16384,33554432,57912247,3,654.275
1n4g,4,hotspot80,256,cuda_nvshmem,16384,33554432,57912249,3,659.6233333333333
1n4g,4,hotspot80,256,oshmpi,16384,33554432,57912326,3,385.4343333333333
1n4g,4,hotspot80,256,oshmpi,16384,33554432,57912327,3,385.547
1n4g,4,hotspot80,256,oshmpi,16384,33554432,57912328,3,385.767
1n4g,4,hotspot80,256,oshmpi,16384,33554432,57912329,3,386.09499999999997
1n4g,4,hotspot80,256,oshmpi,16384,33554432,57912330,3,385.4836666666667
1n4g,4,hotspot80,256,sycl_mpi,16384,33554432,57912367,3,386.25466666666665
1n4g,4,hotspot80,256,sycl_mpi,16384,33554432,57912369,3,388.2676666666667
1n4g,4,hotspot80,256,sycl_mpi,16384,33554432,57912370,3,385.87966666666665
1n4g,4,hotspot80,256,sycl_mpi,16384,33554432,57912371,3,384.38233333333335
1n4g,4,hotspot80,256,sycl_mpi,16384,33554432,57912374,3,385.863
1n4g,4,hotspot80,256,sycl_oneccl,16384,33554432,57912461,3,524.9026666666666
1n4g,4,hotspot80,256,sycl_oneccl,16384,33554432,57912462,3,524.5156666666667
1n4g,4,hotspot80,256,sycl_oneccl,16384,33554432,57912463,3,490.59866666666665
1n4g,4,hotspot80,256,sycl_oneccl,16384,33554432,57912464,3,524.0433333333333
1n4g,4,hotspot80,256,sycl_oneccl,16384,33554432,57912465,3,523.3513333333334
1n4g,4,locality80,256,cuda_mpi,16384,33554432,57912137,3,125.69133333333333
1n4g,4,locality80,256,cuda_mpi,16384,33554432,57912138,3,125.69833333333334
1n4g,4,locality80,256,cuda_mpi,16384,33554432,57912139,3,125.19033333333333
1n4g,4,locality80,256,cuda_mpi,16384,33554432,57912140,3,125.205
1n4g,4,locality80,256,cuda_mpi,16384,33554432,57912141,3,126.03766666666667
1n4g,4,locality80,256,cuda_nccl,16384,33554432,57912199,3,152.93333333333334
1n4g,4,locality80,256,cuda_nccl,16384,33554432,57912200,3,153.683
1n4g,4,locality80,256,cuda_nccl,16384,33554432,57912202,3,152.61499999999998
1n4g,4,locality80,256,cuda_nccl,16384,33554432,57912203,3,152.406
1n4g,4,locality80,256,cuda_nccl,16384,33554432,57912204,3,152.72766666666666
1n4g,4,locality80,256,cuda_nvshmem,16384,33554432,57912243,3,108.895
1n4g,4,locality80,256,cuda_nvshmem,16384,33554432,57912245,3,112.39433333333334
1n4g,4,locality80,256,cuda_nvshmem,16384,33554432,57912246,3,113.242
1n4g,4,locality80,256,cuda_nvshmem,16384,33554432,57912247,3,110.67533333333334
1n4g,4,locality80,256,cuda_nvshmem,16384,33554432,57912249,3,113.61
1n4g,4,locality80,256,oshmpi,16384,33554432,57912326,3,125.70133333333334
1n4g,4,locality80,256,oshmpi,16384,33554432,57912327,3,125.964
1n4g,4,locality80,256,oshmpi,16384,33554432,57912328,3,126.1
1n4g,4,locality80,256,oshmpi,16384,33554432,57912329,3,126.18566666666666
1n4g,4,locality80,256,oshmpi,16384,33554432,57912330,3,126.13366666666667
1n4g,4,locality80,256,sycl_mpi,16384,33554432,57912367,3,125.92166666666667
1n4g,4,locality80,256,sycl_mpi,16384,33554432,57912369,3,125.88666666666667
1n4g,4,locality80,256,sycl_mpi,16384,33554432,57912370,3,125.643
1n4g,4,locality80,256,sycl_mpi,16384,33554432,57912371,3,126.02433333333333
1n4g,4,locality80,256,sycl_mpi,16384,33554432,57912374,3,125.69066666666667
1n4g,4,locality80,256,sycl_oneccl,16384,33554432,57912461,3,169.37033333333332
1n4g,4,locality80,256,sycl_oneccl,16384,33554432,57912462,3,169.197
1n4g,4,locality80,256,sycl_oneccl,16384,33554432,57912463,3,169.96066666666667
1n4g,4,locality80,256,sycl_oneccl,16384,33554432,57912464,3,169.10933333333332
1n4g,4,locality80,256,sycl_oneccl,16384,33554432,57912465,3,168.93633333333332
1n4g,4,uniform,256,cuda_mpi,16384,33554432,57912137,3,178.761
1n4g,4,uniform,256,cuda_mpi,16384,33554432,57912138,3,179.137
1n4g,4,uniform,256,cuda_mpi,16384,33554432,57912139,3,178.879
1n4g,4,uniform,256,cuda_mpi,16384,33554432,57912140,3,179.01500000000001
1n4g,4,uniform,256,cuda_mpi,16384,33554432,57912141,3,178.86100000000002
1n4g,4,uniform,256,cuda_nccl,16384,33554432,57912199,3,246.34033333333335
1n4g,4,uniform,256,cuda_nccl,16384,33554432,57912200,3,246.84366666666668
1n4g,4,uniform,256,cuda_nccl,16384,33554432,57912202,3,245.748
1n4g,4,uniform,256,cuda_nccl,16384,33554432,57912203,3,253.00566666666668
1n4g,4,uniform,256,cuda_nccl,16384,33554432,57912204,3,246.72433333333333
1n4g,4,uniform,256,cuda_nvshmem,16384,33554432,57912243,3,259.61266666666666
1n4g,4,uniform,256,cuda_nvshmem,16384,33554432,57912245,3,271.7406666666667
1n4g,4,uniform,256,cuda_nvshmem,16384,33554432,57912246,3,265.0636666666667
1n4g,4,uniform,256,cuda_nvshmem,16384,33554432,57912247,3,263.054
1n4g,4,uniform,256,cuda_nvshmem,16384,33554432,57912249,3,264.39133333333336
1n4g,4,uniform,256,oshmpi,16384,33554432,57912326,3,189.135
1n4g,4,uniform,256,oshmpi,16384,33554432,57912327,3,189.53266666666667
1n4g,4,uniform,256,oshmpi,16384,33554432,57912328,3,189.32266666666666
1n4g,4,uniform,256,oshmpi,16384,33554432,57912329,3,189.203
1n4g,4,uniform,256,oshmpi,16384,33554432,57912330,3,189.27033333333333
1n4g,4,uniform,256,sycl_mpi,16384,33554432,57912367,3,179.563
1n4g,4,uniform,256,sycl_mpi,16384,33554432,57912369,3,179.63533333333334
1n4g,4,uniform,256,sycl_mpi,16384,33554432,57912370,3,179.345
1n4g,4,uniform,256,sycl_mpi,16384,33554432,57912371,3,179.72833333333332
1n4g,4,uniform,256,sycl_mpi,16384,33554432,57912374,3,179.16400000000002
1n4g,4,uniform,256,sycl_oneccl,16384,33554432,57912461,3,299.93833333333333
1n4g,4,uniform,256,sycl_oneccl,16384,33554432,57912462,3,300.835
1n4g,4,uniform,256,sycl_oneccl,16384,33554432,57912463,3,305.28000000000003
1n4g,4,uniform,256,sycl_oneccl,16384,33554432,57912464,3,301.1256666666667
1n4g,4,uniform,256,sycl_oneccl,16384,33554432,57912465,3,299.9033333333333
2n1g,2,hotspot80,256,cuda_mpi,16384,33554432,57912142,3,1924.9366666666667
2n1g,2,hotspot80,256,cuda_mpi,16384,33554432,57912143,3,1605.5533333333333
2n1g,2,hotspot80,256,cuda_mpi,16384,33554432,57912144,3,1517.16
2n1g,2,hotspot80,256,cuda_mpi,16384,33554432,57912145,3,2638.0
2n1g,2,hotspot80,256,cuda_mpi,16384,33554432,57912146,3,2645.366666666667
2n1g,2,hotspot80,256,cuda_nccl,16384,33554432,57912205,3,2368.82
2n1g,2,hotspot80,256,cuda_nccl,16384,33554432,57912207,3,2373.3766666666666
2n1g,2,hotspot80,256,cuda_nccl,16384,33554432,57912208,3,2372.35
2n1g,2,hotspot80,256,cuda_nccl,16384,33554432,57912209,3,2368.056666666667
2n1g,2,hotspot80,256,cuda_nccl,16384,33554432,57912210,3,2369.2266666666665
2n1g,2,hotspot80,256,cuda_nvshmem,16384,33554432,57912251,3,2440.9900000000002
2n1g,2,hotspot80,256,cuda_nvshmem,16384,33554432,57912252,3,2440.33
2n1g,2,hotspot80,256,cuda_nvshmem,16384,33554432,57912253,3,2439.6866666666665
2n1g,2,hotspot80,256,cuda_nvshmem,16384,33554432,57912255,3,2439.766666666667
2n1g,2,hotspot80,256,cuda_nvshmem,16384,33554432,57912256,3,2439.883333333333
2n1g,2,hotspot80,256,oshmpi,16384,33554432,57912331,3,2243.26
2n1g,2,hotspot80,256,oshmpi,16384,33554432,57912332,3,2456.596666666667
2n1g,2,hotspot80,256,oshmpi,16384,33554432,57912333,3,3413.5966666666664
2n1g,2,hotspot80,256,oshmpi,16384,33554432,57912334,3,2422.45
2n1g,2,hotspot80,256,oshmpi,16384,33554432,57912335,3,2239.67
2n1g,2,hotspot80,256,sycl_mpi,16384,33554432,57912395,3,2067.8933333333334
2n1g,2,hotspot80,256,sycl_mpi,16384,33554432,57912397,3,1973.4933333333333
2n1g,2,hotspot80,256,sycl_mpi,16384,33554432,57912398,3,1932.79
2n1g,2,hotspot80,256,sycl_mpi,16384,33554432,57912401,3,2527.9433333333336
2n1g,2,hotspot80,256,sycl_mpi,16384,33554432,57912403,3,2337.5333333333333
2n1g,2,hotspot80,256,sycl_oneccl,16384,33554432,57912466,3,2451.4133333333334
2n1g,2,hotspot80,256,sycl_oneccl,16384,33554432,57912468,3,2449.133333333333
2n1g,2,hotspot80,256,sycl_oneccl,16384,33554432,57912469,3,2450.7433333333333
2n1g,2,hotspot80,256,sycl_oneccl,16384,33554432,57912470,3,2446.153333333333
2n1g,2,hotspot80,256,sycl_oneccl,16384,33554432,57912471,3,2455.9533333333334
2n1g,2,locality80,256,cuda_mpi,16384,33554432,57912142,3,736.6796666666667
2n1g,2,locality80,256,cuda_mpi,16384,33554432,57912143,3,578.998
2n1g,2,locality80,256,cuda_mpi,16384,33554432,57912144,3,536.301
2n1g,2,locality80,256,cuda_mpi,16384,33554432,57912145,3,893.4313333333333
2n1g,2,locality80,256,cuda_mpi,16384,33554432,57912146,3,900.054
2n1g,2,locality80,256,cuda_nccl,16384,33554432,57912205,3,734.8596666666667
2n1g,2,locality80,256,cuda_nccl,16384,33554432,57912207,3,731.2156666666666
2n1g,2,locality80,256,cuda_nccl,16384,33554432,57912208,3,739.9566666666666
2n1g,2,locality80,256,cuda_nccl,16384,33554432,57912209,3,735.6683333333333
2n1g,2,locality80,256,cuda_nccl,16384,33554432,57912210,3,740.843
2n1g,2,locality80,256,cuda_nvshmem,16384,33554432,57912251,3,893.187
2n1g,2,locality80,256,cuda_nvshmem,16384,33554432,57912252,3,883.2246666666666
2n1g,2,locality80,256,cuda_nvshmem,16384,33554432,57912253,3,889.7773333333333
2n1g,2,locality80,256,cuda_nvshmem,16384,33554432,57912255,3,888.5183333333333
2n1g,2,locality80,256,cuda_nvshmem,16384,33554432,57912256,3,891.2486666666666
2n1g,2,locality80,256,oshmpi,16384,33554432,57912331,3,617.106
2n1g,2,locality80,256,oshmpi,16384,33554432,57912332,3,790.5883333333334
2n1g,2,locality80,256,oshmpi,16384,33554432,57912333,3,1039.6423333333332
2n1g,2,locality80,256,oshmpi,16384,33554432,57912334,3,777.9946666666667
2n1g,2,locality80,256,oshmpi,16384,33554432,57912335,3,616.796
2n1g,2,locality80,256,sycl_mpi,16384,33554432,57912395,3,797.7746666666667
2n1g,2,locality80,256,sycl_mpi,16384,33554432,57912397,3,753.0956666666667
2n1g,2,locality80,256,sycl_mpi,16384,33554432,57912398,3,757.8826666666666
2n1g,2,locality80,256,sycl_mpi,16384,33554432,57912401,3,844.6750000000001
2n1g,2,locality80,256,sycl_mpi,16384,33554432,57912403,3,802.5916666666667
2n1g,2,locality80,256,sycl_oneccl,16384,33554432,57912466,3,818.617
2n1g,2,locality80,256,sycl_oneccl,16384,33554432,57912468,3,816.3866666666667
2n1g,2,locality80,256,sycl_oneccl,16384,33554432,57912469,3,817.404
2n1g,2,locality80,256,sycl_oneccl,16384,33554432,57912470,3,811.862
2n1g,2,locality80,256,sycl_oneccl,16384,33554432,57912471,3,821.9566666666666
2n1g,2,uniform,256,cuda_mpi,16384,33554432,57912142,3,1743.38
2n1g,2,uniform,256,cuda_mpi,16384,33554432,57912143,3,1408.7066666666667
2n1g,2,uniform,256,cuda_mpi,16384,33554432,57912144,3,1183.0733333333333
2n1g,2,uniform,256,cuda_mpi,16384,33554432,57912145,3,2088.0066666666667
2n1g,2,uniform,256,cuda_mpi,16384,33554432,57912146,3,2093.92
2n1g,2,uniform,256,cuda_nccl,16384,33554432,57912205,3,1605.9433333333334
2n1g,2,uniform,256,cuda_nccl,16384,33554432,57912207,3,1611.1466666666668
2n1g,2,uniform,256,cuda_nccl,16384,33554432,57912208,3,1610.5666666666666
2n1g,2,uniform,256,cuda_nccl,16384,33554432,57912209,3,1607.7966666666666
2n1g,2,uniform,256,cuda_nccl,16384,33554432,57912210,3,1803.35
2n1g,2,uniform,256,cuda_nvshmem,16384,33554432,57912251,3,1663.94
2n1g,2,uniform,256,cuda_nvshmem,16384,33554432,57912252,3,1657.0900000000001
2n1g,2,uniform,256,cuda_nvshmem,16384,33554432,57912253,3,1662.51
2n1g,2,uniform,256,cuda_nvshmem,16384,33554432,57912255,3,1658.6266666666668
2n1g,2,uniform,256,cuda_nvshmem,16384,33554432,57912256,3,1661.2
2n1g,2,uniform,256,oshmpi,16384,33554432,57912331,3,1429.55
2n1g,2,uniform,256,oshmpi,16384,33554432,57912332,3,1867.77
2n1g,2,uniform,256,oshmpi,16384,33554432,57912333,3,2560.3533333333335
2n1g,2,uniform,256,oshmpi,16384,33554432,57912334,3,1820.94
2n1g,2,uniform,256,oshmpi,16384,33554432,57912335,3,1427.9466666666667
2n1g,2,uniform,256,sycl_mpi,16384,33554432,57912395,3,1861.5033333333333
2n1g,2,uniform,256,sycl_mpi,16384,33554432,57912397,3,1769.0266666666666
2n1g,2,uniform,256,sycl_mpi,16384,33554432,57912398,3,1764.5633333333333
2n1g,2,uniform,256,sycl_mpi,16384,33554432,57912401,3,1957.0766666666666
2n1g,2,uniform,256,sycl_mpi,16384,33554432,57912403,3,1849.3166666666666
2n1g,2,uniform,256,sycl_oneccl,16384,33554432,57912466,3,1727.8333333333333
2n1g,2,uniform,256,sycl_oneccl,16384,33554432,57912468,3,1720.52
2n1g,2,uniform,256,sycl_oneccl,16384,33554432,57912469,3,1726.17
2n1g,2,uniform,256,sycl_oneccl,16384,33554432,57912470,3,1705.0066666666667
2n1g,2,uniform,256,sycl_oneccl,16384,33554432,57912471,3,1727.8333333333333
2n4g,8,hotspot80,256,cuda_mpi,16384,33554432,57912147,3,5381.696666666667
2n4g,8,hotspot80,256,cuda_mpi,16384,33554432,57912148,3,5383.6900000000005
2n4g,8,hotspot80,256,cuda_mpi,16384,33554432,57912150,3,5388.996666666667
2n4g,8,hotspot80,256,cuda_mpi,16384,33554432,57912151,3,5395.163333333333
2n4g,8,hotspot80,256,cuda_mpi,16384,33554432,57912152,3,5402.216666666667
2n4g,8,hotspot80,256,cuda_nccl,16384,33554432,57912212,3,5833.41
2n4g,8,hotspot80,256,cuda_nccl,16384,33554432,57912213,3,5831.91
2n4g,8,hotspot80,256,cuda_nccl,16384,33554432,57912214,3,5843.266666666666
2n4g,8,hotspot80,256,cuda_nccl,16384,33554432,57912216,3,5822.216666666666
2n4g,8,hotspot80,256,cuda_nccl,16384,33554432,57912217,3,5904.38
2n4g,8,hotspot80,256,cuda_nvshmem,16384,33554432,57912257,3,9313.27
2n4g,8,hotspot80,256,cuda_nvshmem,16384,33554432,57912266,3,9303.173333333334
2n4g,8,hotspot80,256,cuda_nvshmem,16384,33554432,57912269,3,9312.666666666666
2n4g,8,hotspot80,256,cuda_nvshmem,16384,33554432,57912271,3,9313.683333333334
2n4g,8,hotspot80,256,cuda_nvshmem,16384,33554432,57912278,3,9317.18
2n4g,8,hotspot80,256,oshmpi,16384,33554432,57912336,3,9695.38
2n4g,8,hotspot80,256,oshmpi,16384,33554432,57912337,3,9697.57
2n4g,8,hotspot80,256,oshmpi,16384,33554432,57912338,3,9694.800000000001
2n4g,8,hotspot80,256,oshmpi,16384,33554432,57912339,3,9694.723333333333
2n4g,8,hotspot80,256,oshmpi,16384,33554432,57912340,3,9694.48
2n4g,8,hotspot80,256,sycl_mpi,16384,33554432,57912408,3,5378.48
2n4g,8,hotspot80,256,sycl_mpi,16384,33554432,57912411,3,5388.51
2n4g,8,hotspot80,256,sycl_mpi,16384,33554432,57912413,3,5389.92
2n4g,8,hotspot80,256,sycl_mpi,16384,33554432,57912414,3,5386.756666666667
2n4g,8,hotspot80,256,sycl_mpi,16384,33554432,57912415,3,5399.5633333333335
2n4g,8,hotspot80,256,sycl_oneccl,16384,33554432,57912472,3,5948.516666666666
2n4g,8,hotspot80,256,sycl_oneccl,16384,33554432,57912473,3,5960.026666666667
2n4g,8,hotspot80,256,sycl_oneccl,16384,33554432,57912474,3,5916.216666666666
2n4g,8,hotspot80,256,sycl_oneccl,16384,33554432,57912475,3,5939.696666666667
2n4g,8,hotspot80,256,sycl_oneccl,16384,33554432,57912476,3,5907.14
2n4g,8,locality80,256,cuda_mpi,16384,33554432,57912147,3,765.5363333333333
2n4g,8,locality80,256,cuda_mpi,16384,33554432,57912148,3,760.3353333333333
2n4g,8,locality80,256,cuda_mpi,16384,33554432,57912150,3,761.264
2n4g,8,locality80,256,cuda_mpi,16384,33554432,57912151,3,761.2896666666667
2n4g,8,locality80,256,cuda_mpi,16384,33554432,57912152,3,762.436
2n4g,8,locality80,256,cuda_nccl,16384,33554432,57912212,3,927.134
2n4g,8,locality80,256,cuda_nccl,16384,33554432,57912213,3,870.789
2n4g,8,locality80,256,cuda_nccl,16384,33554432,57912214,3,864.659
2n4g,8,locality80,256,cuda_nccl,16384,33554432,57912216,3,863.258
2n4g,8,locality80,256,cuda_nccl,16384,33554432,57912217,3,863.0043333333333
2n4g,8,locality80,256,cuda_nvshmem,16384,33554432,57912257,3,753.585
2n4g,8,locality80,256,cuda_nvshmem,16384,33554432,57912266,3,753.88
2n4g,8,locality80,256,cuda_nvshmem,16384,33554432,57912269,3,757.1303333333334
2n4g,8,locality80,256,cuda_nvshmem,16384,33554432,57912271,3,752.5956666666667
2n4g,8,locality80,256,cuda_nvshmem,16384,33554432,57912278,3,753.45
2n4g,8,locality80,256,oshmpi,16384,33554432,57912336,3,1332.2866666666666
2n4g,8,locality80,256,oshmpi,16384,33554432,57912337,3,1333.1166666666666
2n4g,8,locality80,256,oshmpi,16384,33554432,57912338,3,1331.6200000000001
2n4g,8,locality80,256,oshmpi,16384,33554432,57912339,3,1331.04
2n4g,8,locality80,256,oshmpi,16384,33554432,57912340,3,1331.9233333333334
2n4g,8,locality80,256,sycl_mpi,16384,33554432,57912408,3,758.0333333333333
2n4g,8,locality80,256,sycl_mpi,16384,33554432,57912411,3,760.123
2n4g,8,locality80,256,sycl_mpi,16384,33554432,57912413,3,763.447
2n4g,8,locality80,256,sycl_mpi,16384,33554432,57912414,3,763.3793333333333
2n4g,8,locality80,256,sycl_mpi,16384,33554432,57912415,3,764.0193333333333
2n4g,8,locality80,256,sycl_oneccl,16384,33554432,57912472,3,667.202
2n4g,8,locality80,256,sycl_oneccl,16384,33554432,57912473,3,667.343
2n4g,8,locality80,256,sycl_oneccl,16384,33554432,57912474,3,664.0156666666667
2n4g,8,locality80,256,sycl_oneccl,16384,33554432,57912475,3,666.5506666666666
2n4g,8,locality80,256,sycl_oneccl,16384,33554432,57912476,3,664.629
2n4g,8,uniform,256,cuda_mpi,16384,33554432,57912147,3,2911.2166666666667
2n4g,8,uniform,256,cuda_mpi,16384,33554432,57912148,3,2920.1833333333334
2n4g,8,uniform,256,cuda_mpi,16384,33554432,57912150,3,2921.7033333333334
2n4g,8,uniform,256,cuda_mpi,16384,33554432,57912151,3,2915.7066666666665
2n4g,8,uniform,256,cuda_mpi,16384,33554432,57912152,3,2910.2066666666665
2n4g,8,uniform,256,cuda_nccl,16384,33554432,57912212,3,1713.59
2n4g,8,uniform,256,cuda_nccl,16384,33554432,57912213,3,1731.1833333333334
2n4g,8,uniform,256,cuda_nccl,16384,33554432,57912214,3,1715.5066666666667
2n4g,8,uniform,256,cuda_nccl,16384,33554432,57912216,3,1712.44
2n4g,8,uniform,256,cuda_nccl,16384,33554432,57912217,3,1721.9766666666667
2n4g,8,uniform,256,cuda_nvshmem,16384,33554432,57912257,3,2285.3766666666666
2n4g,8,uniform,256,cuda_nvshmem,16384,33554432,57912266,3,2251.5633333333335
2n4g,8,uniform,256,cuda_nvshmem,16384,33554432,57912269,3,2183.3733333333334
2n4g,8,uniform,256,cuda_nvshmem,16384,33554432,57912271,3,2303.5466666666666
2n4g,8,uniform,256,cuda_nvshmem,16384,33554432,57912278,3,2209.51
2n4g,8,uniform,256,oshmpi,16384,33554432,57912336,3,5523.31
2n4g,8,uniform,256,oshmpi,16384,33554432,57912337,3,5522.106666666667
2n4g,8,uniform,256,oshmpi,16384,33554432,57912338,3,5518.113333333334
2n4g,8,uniform,256,oshmpi,16384,33554432,57912339,3,5518.033333333334
2n4g,8,uniform,256,oshmpi,16384,33554432,57912340,3,5517.833333333333
2n4g,8,uniform,256,sycl_mpi,16384,33554432,57912408,3,2907.7066666666665
2n4g,8,uniform,256,sycl_mpi,16384,33554432,57912411,3,2907.0733333333333
2n4g,8,uniform,256,sycl_mpi,16384,33554432,57912413,3,2919.186666666667
2n4g,8,uniform,256,sycl_mpi,16384,33554432,57912414,3,2915.3533333333335
2n4g,8,uniform,256,sycl_mpi,16384,33554432,57912415,3,2910.0133333333333
2n4g,8,uniform,256,sycl_oneccl,16384,33554432,57912472,3,1658.2766666666666
2n4g,8,uniform,256,sycl_oneccl,16384,33554432,57912473,3,1659.6533333333334
2n4g,8,uniform,256,sycl_oneccl,16384,33554432,57912474,3,1658.45
2n4g,8,uniform,256,sycl_oneccl,16384,33554432,57912475,3,1658.6399999999999
2n4g,8,uniform,256,sycl_oneccl,16384,33554432,57912476,3,1664.8333333333333
4n4g,16,hotspot80,256,cuda_mpi,16384,33554432,57912153,3,17076.9
4n4g,16,hotspot80,256,cuda_mpi,16384,33554432,57912154,3,15332.6
4n4g,16,hotspot80,256,cuda_mpi,16384,33554432,57912155,3,15761.5
4n4g,16,hotspot80,256,cuda_mpi,16384,33554432,57912156,3,15153.233333333334
4n4g,16,hotspot80,256,cuda_mpi,16384,33554432,57912158,3,15186.966666666667
4n4g,16,hotspot80,256,cuda_nccl,16384,33554432,57912218,3,16854.266666666666
4n4g,16,hotspot80,256,cuda_nccl,16384,33554432,57912219,3,16840.3
4n4g,16,hotspot80,256,cuda_nccl,16384,33554432,57912220,3,16840.6
4n4g,16,hotspot80,256,cuda_nccl,16384,33554432,57912222,3,16844.466666666667
4n4g,16,hotspot80,256,cuda_nccl,16384,33554432,57912224,3,16848.266666666666
4n4g,16,hotspot80,256,cuda_nvshmem,16384,33554432,57912281,3,26979.433333333334
4n4g,16,hotspot80,256,cuda_nvshmem,16384,33554432,57912286,3,26971.433333333334
4n4g,16,hotspot80,256,cuda_nvshmem,16384,33554432,57912306,3,26966.466666666667
4n4g,16,hotspot80,256,cuda_nvshmem,16384,33554432,57912307,3,26972.4
4n4g,16,hotspot80,256,cuda_nvshmem,16384,33554432,57912308,3,26962.7
4n4g,16,hotspot80,256,oshmpi,16384,33554432,57912341,3,27579.033333333333
4n4g,16,hotspot80,256,oshmpi,16384,33554432,57912342,3,27579.766666666666
4n4g,16,hotspot80,256,oshmpi,16384,33554432,57912343,3,27577.533333333333
4n4g,16,hotspot80,256,oshmpi,16384,33554432,57912344,3,27577.833333333332
4n4g,16,hotspot80,256,oshmpi,16384,33554432,57912345,3,27727.633333333335
4n4g,16,hotspot80,256,sycl_mpi,16384,33554432,57912417,3,15342.133333333333
4n4g,16,hotspot80,256,sycl_mpi,16384,33554432,57912418,3,15091.333333333334
4n4g,16,hotspot80,256,sycl_mpi,16384,33554432,57912419,3,15066.333333333332
4n4g,16,hotspot80,256,sycl_mpi,16384,33554432,57912426,3,15106.966666666667
4n4g,16,hotspot80,256,sycl_mpi,16384,33554432,57912427,3,15122.533333333333
4n4g,16,hotspot80,256,sycl_oneccl,16384,33554432,57912477,3,16909.566666666666
4n4g,16,hotspot80,256,sycl_oneccl,16384,33554432,57912478,3,16913.36666666667
4n4g,16,hotspot80,256,sycl_oneccl,16384,33554432,57912479,3,16910.13333333333
4n4g,16,hotspot80,256,sycl_oneccl,16384,33554432,57912480,3,17059.0
4n4g,16,hotspot80,256,sycl_oneccl,16384,33554432,57912481,3,16925.600000000002
4n4g,16,locality80,256,cuda_mpi,16384,33554432,57912153,3,1804.68
4n4g,16,locality80,256,cuda_mpi,16384,33554432,57912154,3,1175.1066666666666
4n4g,16,locality80,256,cuda_mpi,16384,33554432,57912155,3,1300.4233333333334
4n4g,16,locality80,256,cuda_mpi,16384,33554432,57912156,3,1178.4433333333334
4n4g,16,locality80,256,cuda_mpi,16384,33554432,57912158,3,1182.2633333333333
4n4g,16,locality80,256,cuda_nccl,16384,33554432,57912218,3,845.2496666666667
4n4g,16,locality80,256,cuda_nccl,16384,33554432,57912219,3,893.7896666666667
4n4g,16,locality80,256,cuda_nccl,16384,33554432,57912220,3,844.2666666666667
4n4g,16,locality80,256,cuda_nccl,16384,33554432,57912222,3,865.7416666666667
4n4g,16,locality80,256,cuda_nccl,16384,33554432,57912224,3,865.4113333333333
4n4g,16,locality80,256,cuda_nvshmem,16384,33554432,57912281,3,966.2576666666666
4n4g,16,locality80,256,cuda_nvshmem,16384,33554432,57912286,3,967.0356666666667
4n4g,16,locality80,256,cuda_nvshmem,16384,33554432,57912306,3,964.5413333333333
4n4g,16,locality80,256,cuda_nvshmem,16384,33554432,57912307,3,966.9393333333334
4n4g,16,locality80,256,cuda_nvshmem,16384,33554432,57912308,3,976.3473333333334
4n4g,16,locality80,256,oshmpi,16384,33554432,57912341,3,1991.7866666666666
4n4g,16,locality80,256,oshmpi,16384,33554432,57912342,3,1994.6866666666667
4n4g,16,locality80,256,oshmpi,16384,33554432,57912343,3,1995.1133333333332
4n4g,16,locality80,256,oshmpi,16384,33554432,57912344,3,1991.8766666666666
4n4g,16,locality80,256,oshmpi,16384,33554432,57912345,3,2004.0066666666667
4n4g,16,locality80,256,sycl_mpi,16384,33554432,57912417,3,1569.2033333333334
4n4g,16,locality80,256,sycl_mpi,16384,33554432,57912418,3,1175.3166666666666
4n4g,16,locality80,256,sycl_mpi,16384,33554432,57912419,3,1178.5233333333333
4n4g,16,locality80,256,sycl_mpi,16384,33554432,57912426,3,1183.5566666666666
4n4g,16,locality80,256,sycl_mpi,16384,33554432,57912427,3,1181.9666666666667
4n4g,16,locality80,256,sycl_oneccl,16384,33554432,57912477,3,774.7196666666667
4n4g,16,locality80,256,sycl_oneccl,16384,33554432,57912478,3,744.405
4n4g,16,locality80,256,sycl_oneccl,16384,33554432,57912479,3,743.4073333333333
4n4g,16,locality80,256,sycl_oneccl,16384,33554432,57912480,3,745.2923333333333
4n4g,16,locality80,256,sycl_oneccl,16384,33554432,57912481,3,750.0176666666666
4n4g,16,uniform,256,cuda_mpi,16384,33554432,57912153,3,7288.166666666667
4n4g,16,uniform,256,cuda_mpi,16384,33554432,57912154,3,4858.776666666667
4n4g,16,uniform,256,cuda_mpi,16384,33554432,57912155,3,5341.46
4n4g,16,uniform,256,cuda_mpi,16384,33554432,57912156,3,4866.066666666667
4n4g,16,uniform,256,cuda_mpi,16384,33554432,57912158,3,4906.9766666666665
4n4g,16,uniform,256,cuda_nccl,16384,33554432,57912218,3,2497.576666666667
4n4g,16,uniform,256,cuda_nccl,16384,33554432,57912219,3,2490.0366666666664
4n4g,16,uniform,256,cuda_nccl,16384,33554432,57912220,3,2468.8433333333332
4n4g,16,uniform,256,cuda_nccl,16384,33554432,57912222,3,2508.233333333333
4n4g,16,uniform,256,cuda_nccl,16384,33554432,57912224,3,2469.616666666667
4n4g,16,uniform,256,cuda_nvshmem,16384,33554432,57912281,3,4088.1366666666668
4n4g,16,uniform,256,cuda_nvshmem,16384,33554432,57912286,3,4002.29
4n4g,16,uniform,256,cuda_nvshmem,16384,33554432,57912306,3,4015.5666666666666
4n4g,16,uniform,256,cuda_nvshmem,16384,33554432,57912307,3,4003.4633333333336
4n4g,16,uniform,256,cuda_nvshmem,16384,33554432,57912308,3,3994.4666666666667
4n4g,16,uniform,256,oshmpi,16384,33554432,57912341,3,8510.253333333334
4n4g,16,uniform,256,oshmpi,16384,33554432,57912342,3,8515.296666666667
4n4g,16,uniform,256,oshmpi,16384,33554432,57912343,3,8520.606666666667
4n4g,16,uniform,256,oshmpi,16384,33554432,57912344,3,8507.423333333332
4n4g,16,uniform,256,oshmpi,16384,33554432,57912345,3,8608.61
4n4g,16,uniform,256,sycl_mpi,16384,33554432,57912417,3,5298.45
4n4g,16,uniform,256,sycl_mpi,16384,33554432,57912418,3,4789.96
4n4g,16,uniform,256,sycl_mpi,16384,33554432,57912419,3,4812.256666666666
4n4g,16,uniform,256,sycl_mpi,16384,33554432,57912426,3,4772.306666666666
4n4g,16,uniform,256,sycl_mpi,16384,33554432,57912427,3,4810.5633333333335
4n4g,16,uniform,256,sycl_oneccl,16384,33554432,57912477,3,2600.423333333333
4n4g,16,uniform,256,sycl_oneccl,16384,33554432,57912478,3,2571.5066666666667
4n4g,16,uniform,256,sycl_oneccl,16384,33554432,57912479,3,2581.7633333333333
4n4g,16,uniform,256,sycl_oneccl,16384,33554432,57912480,3,2567.9133333333334
4n4g,16,uniform,256,sycl_oneccl,16384,33554432,57912481,3,2572.963333333333
8n4g,32,hotspot80,256,cuda_mpi,16384,33554432,57912159,3,34623.73333333333
8n4g,32,hotspot80,256,cuda_mpi,16384,33554432,57912160,3,34243.0
8n4g,32,hotspot80,256,cuda_mpi,16384,33554432,57912161,3,34012.13333333334
8n4g,32,hotspot80,256,cuda_mpi,16384,33554432,57912162,3,33910.63333333333
8n4g,32,hotspot80,256,cuda_mpi,16384,33554432,57912163,3,34027.96666666667
8n4g,32,hotspot80,256,cuda_nccl,16384,33554432,57912225,3,39767.36666666667
8n4g,32,hotspot80,256,cuda_nccl,16384,33554432,57912226,3,39621.4
8n4g,32,hotspot80,256,cuda_nccl,16384,33554432,57912227,3,39587.13333333333
8n4g,32,hotspot80,256,cuda_nccl,16384,33554432,57912228,3,39555.833333333336
8n4g,32,hotspot80,256,cuda_nccl,16384,33554432,57912229,3,39616.9
8n4g,32,hotspot80,256,cuda_nvshmem,16384,33554432,57912310,3,62006.6
8n4g,32,hotspot80,256,cuda_nvshmem,16384,33554432,57912311,3,62039.13333333333
8n4g,32,hotspot80,256,cuda_nvshmem,16384,33554432,57912313,3,62005.433333333334
8n4g,32,hotspot80,256,cuda_nvshmem,16384,33554432,57912314,3,61995.4
8n4g,32,hotspot80,256,cuda_nvshmem,16384,33554432,57912315,3,62015.566666666666
8n4g,32,hotspot80,256,oshmpi,16384,33554432,57912346,3,62686.5
8n4g,32,hotspot80,256,oshmpi,16384,33554432,57912347,3,62688.166666666664
8n4g,32,hotspot80,256,oshmpi,16384,33554432,57912348,3,62688.1
8n4g,32,hotspot80,256,oshmpi,16384,33554432,57912349,3,62684.8
8n4g,32,hotspot80,256,oshmpi,16384,33554432,57912350,3,62685.933333333334
8n4g,32,hotspot80,256,sycl_mpi,16384,33554432,57912428,3,33945.2
8n4g,32,hotspot80,256,sycl_mpi,16384,33554432,57912430,3,33940.73333333333
8n4g,32,hotspot80,256,sycl_mpi,16384,33554432,57912436,3,33910.700000000004
8n4g,32,hotspot80,256,sycl_mpi,16384,33554432,57912437,3,34406.36666666667
8n4g,32,hotspot80,256,sycl_mpi,16384,33554432,57912438,3,34075.26666666667
8n4g,32,hotspot80,256,sycl_oneccl,16384,33554432,57912482,3,39013.33333333333
8n4g,32,hotspot80,256,sycl_oneccl,16384,33554432,57912483,3,38916.5
8n4g,32,hotspot80,256,sycl_oneccl,16384,33554432,57912486,3,38925.53333333333
8n4g,32,hotspot80,256,sycl_oneccl,16384,33554432,57912488,3,38913.5
8n4g,32,hotspot80,256,sycl_oneccl,16384,33554432,57912489,3,38924.1
8n4g,32,locality80,256,cuda_mpi,16384,33554432,57912159,3,1508.8266666666666
8n4g,32,locality80,256,cuda_mpi,16384,33554432,57912160,3,1512.5066666666667
8n4g,32,locality80,256,cuda_mpi,16384,33554432,57912161,3,1516.1733333333334
8n4g,32,locality80,256,cuda_mpi,16384,33554432,57912162,3,1518.1366666666668
8n4g,32,locality80,256,cuda_mpi,16384,33554432,57912163,3,1512.9366666666667
8n4g,32,locality80,256,cuda_nccl,16384,33554432,57912225,3,2698.34
8n4g,32,locality80,256,cuda_nccl,16384,33554432,57912226,3,2315.49
8n4g,32,locality80,256,cuda_nccl,16384,33554432,57912227,3,2313.366666666667
8n4g,32,locality80,256,cuda_nccl,16384,33554432,57912228,3,2401.36
8n4g,32,locality80,256,cuda_nccl,16384,33554432,57912229,3,2352.3566666666666
8n4g,32,locality80,256,cuda_nvshmem,16384,33554432,57912310,3,1085.55
8n4g,32,locality80,256,cuda_nvshmem,16384,33554432,57912311,3,1119.4533333333334
8n4g,32,locality80,256,cuda_nvshmem,16384,33554432,57912313,3,1078.68
8n4g,32,locality80,256,cuda_nvshmem,16384,33554432,57912314,3,1089.82
8n4g,32,locality80,256,cuda_nvshmem,16384,33554432,57912315,3,1086.02
8n4g,32,locality80,256,oshmpi,16384,33554432,57912346,3,2561.383333333333
8n4g,32,locality80,256,oshmpi,16384,33554432,57912347,3,2566.233333333333
8n4g,32,locality80,256,oshmpi,16384,33554432,57912348,3,2556.576666666667
8n4g,32,locality80,256,oshmpi,16384,33554432,57912349,3,2565.32
8n4g,32,locality80,256,oshmpi,16384,33554432,57912350,3,2532.153333333333
8n4g,32,locality80,256,sycl_mpi,16384,33554432,57912428,3,1528.87
8n4g,32,locality80,256,sycl_mpi,16384,33554432,57912430,3,1518.9566666666667
8n4g,32,locality80,256,sycl_mpi,16384,33554432,57912436,3,1523.0233333333333
8n4g,32,locality80,256,sycl_mpi,16384,33554432,57912437,3,1535.0566666666666
8n4g,32,locality80,256,sycl_mpi,16384,33554432,57912438,3,1526.5066666666667
8n4g,32,locality80,256,sycl_oneccl,16384,33554432,57912482,3,1282.7833333333333
8n4g,32,locality80,256,sycl_oneccl,16384,33554432,57912483,3,1286.1366666666668
8n4g,32,locality80,256,sycl_oneccl,16384,33554432,57912486,3,1294.46
8n4g,32,locality80,256,sycl_oneccl,16384,33554432,57912488,3,1282.2933333333333
8n4g,32,locality80,256,sycl_oneccl,16384,33554432,57912489,3,1280.7233333333334
8n4g,32,uniform,256,cuda_mpi,16384,33554432,57912159,3,6070.643333333333
8n4g,32,uniform,256,cuda_mpi,16384,33554432,57912160,3,6141.093333333333
8n4g,32,uniform,256,cuda_mpi,16384,33554432,57912161,3,6148.723333333333
8n4g,32,uniform,256,cuda_mpi,16384,33554432,57912162,3,6051.25
8n4g,32,uniform,256,cuda_mpi,16384,33554432,57912163,3,6067.566666666667
8n4g,32,uniform,256,cuda_nccl,16384,33554432,57912225,3,4587.766666666666
8n4g,32,uniform,256,cuda_nccl,16384,33554432,57912226,3,2979.786666666667
8n4g,32,uniform,256,cuda_nccl,16384,33554432,57912227,3,3088.23
8n4g,32,uniform,256,cuda_nccl,16384,33554432,57912228,3,2995.56
8n4g,32,uniform,256,cuda_nccl,16384,33554432,57912229,3,3037.54
8n4g,32,uniform,256,cuda_nvshmem,16384,33554432,57912310,3,5050.126666666667
8n4g,32,uniform,256,cuda_nvshmem,16384,33554432,57912311,3,5249.75
8n4g,32,uniform,256,cuda_nvshmem,16384,33554432,57912313,3,4973.083333333333
8n4g,32,uniform,256,cuda_nvshmem,16384,33554432,57912314,3,4891.82
8n4g,32,uniform,256,cuda_nvshmem,16384,33554432,57912315,3,5115.106666666667
8n4g,32,uniform,256,oshmpi,16384,33554432,57912346,3,10350.1
8n4g,32,uniform,256,oshmpi,16384,33554432,57912347,3,10315.766666666666
8n4g,32,uniform,256,oshmpi,16384,33554432,57912348,3,10326.033333333333
8n4g,32,uniform,256,oshmpi,16384,33554432,57912349,3,10403.8
8n4g,32,uniform,256,oshmpi,16384,33554432,57912350,3,10475.7
8n4g,32,uniform,256,sycl_mpi,16384,33554432,57912428,3,5977.173333333333
8n4g,32,uniform,256,sycl_mpi,16384,33554432,57912430,3,6013.76
8n4g,32,uniform,256,sycl_mpi,16384,33554432,57912436,3,6039.623333333333
8n4g,32,uniform,256,sycl_mpi,16384,33554432,57912437,3,6013.39
8n4g,32,uniform,256,sycl_mpi,16384,33554432,57912438,3,5984.2
8n4g,32,uniform,256,sycl_oneccl,16384,33554432,57912482,3,3054.2866666666664
8n4g,32,uniform,256,sycl_oneccl,16384,33554432,57912483,3,3063.1066666666666
8n4g,32,uniform,256,sycl_oneccl,16384,33554432,57912486,3,3077.943333333333
8n4g,32,uniform,256,sycl_oneccl,16384,33554432,57912488,3,3038.0466666666666
8n4g,32,uniform,256,sycl_oneccl,16384,33554432,57912489,3,3085.4733333333334
