benchmark,topology,backend,bytes,on_us,off_us,off_over_on
allreduce,1n1g,cuda_mpi,4,19.9880333,19.7865,0.9899173021689932
allreduce,1n1g,cuda_mpi,8,20.0648333,19.9180333,0.9926837169387299
allreduce,1n1g,cuda_mpi,16,20.6071,20.4772,0.9936963473754192
allreduce,1n1g,cuda_mpi,32,20.5511,20.4051667,0.9928990029730768
allreduce,1n1g,cuda_mpi,64,20.6492333,20.4770667,0.991662324818617
allreduce,1n1g,cuda_mpi,128,20.6231333,20.4921,0.9936462952503925
allreduce,1n1g,cuda_mpi,256,20.5898333,20.5243667,0.9968204405035179
allreduce,1n1g,cuda_mpi,512,20.9651,20.6591,0.9854043147898173
allreduce,1n1g,cuda_mpi,1024,21.4843,21.5657,1.0037888132264026
allreduce,1n1g,cuda_mpi,2048,22.4844667,21.9795333,0.9775430119496675
allreduce,1n1g,cuda_mpi,4096,23.625,23.5130667,0.9952620825396825
allreduce,1n1g,cuda_mpi,8192,26.8722,27.0671,1.0072528486688845
allreduce,1n1g,cuda_mpi,16384,32.4400667,31.9814667,0.9858631610026867
allreduce,1n1g,cuda_mpi,32768,41.3962667,39.2884667,0.9490823649563549
allreduce,1n1g,cuda_mpi,65536,60.5303,60.3192333,0.9965130405763726
allreduce,1n1g,cuda_mpi,131072,92.9245,100.317267,1.07955670463656
allreduce,1n1g,cuda_mpi,262144,174.699333,167.96,0.9614232471053568
allreduce,1n1g,cuda_mpi,524288,320.870667,293.082333,0.913397088428778
allreduce,1n1g,cuda_mpi,1048576,534.27,529.464,0.9910045482621148
allreduce,1n1g,cuda_mpi,2097152,2382.02667,2873.50667,1.2063285042900045
allreduce,1n1g,cuda_mpi,4194304,4998.04,5571.55667,1.1147483153396132
allreduce,1n1g,cuda_mpi,8388608,10173.6,10737.3,1.055408115121491
allreduce,1n1g,cuda_mpi,16777216,21363.8,21904.6667,1.0253169707636283
allreduce,1n1g,sycl_mpi,4,19.9513,20.0797333,1.0064373399227118
allreduce,1n1g,sycl_mpi,8,20.1771333,20.0850667,0.9954370822340752
allreduce,1n1g,sycl_mpi,16,20.6077667,20.6975667,1.0043575803873983
allreduce,1n1g,sycl_mpi,32,20.6445333,20.7025667,1.002811078320671
allreduce,1n1g,sycl_mpi,64,20.4099,20.4504,1.0019843311334204
allreduce,1n1g,sycl_mpi,128,20.4098667,20.4385,1.0014029146011034
allreduce,1n1g,sycl_mpi,256,20.5485,20.7147667,1.0080914275981214
allreduce,1n1g,sycl_mpi,512,20.7973333,20.8228,1.0012245175683174
allreduce,1n1g,sycl_mpi,1024,21.4609333,21.5300333,1.0032198040520446
allreduce,1n1g,sycl_mpi,2048,22.3112333,22.3476333,1.0016314651687137
allreduce,1n1g,sycl_mpi,4096,23.4663667,23.9224,1.0194334856277518
allreduce,1n1g,sycl_mpi,8192,27.5701333,27.6895667,1.004331984858412
allreduce,1n1g,sycl_mpi,16384,34.3504,32.6915333,0.9517074997671061
allreduce,1n1g,sycl_mpi,32768,42.1521,41.6099333,0.987137848410874
allreduce,1n1g,sycl_mpi,65536,60.4668667,65.9047,1.0899307934538638
allreduce,1n1g,sycl_mpi,131072,96.9407333,98.9337333,1.020558953209404
allreduce,1n1g,sycl_mpi,262144,187.116,162.234667,0.867027229098527
allreduce,1n1g,sycl_mpi,524288,315.466,305.942,0.9698097417788287
allreduce,1n1g,sycl_mpi,1048576,526.901333,589.193,1.1182226407462894
allreduce,1n1g,sycl_mpi,2097152,2512.29333,2867.93333,1.1415599029592616
allreduce,1n1g,sycl_mpi,4194304,5116.25,5574.08667,1.0894867666748105
allreduce,1n1g,sycl_mpi,8388608,10149.7333,11615.7,1.1444340118769427
allreduce,1n1g,sycl_mpi,16777216,20308.0667,24114.5,1.1874345478686064
allreduce,1n2g,cuda_mpi,4,13.0837667,22.3838,1.7108070262365653
allreduce,1n2g,cuda_mpi,8,12.8312667,22.4138667,1.7468163684883893
allreduce,1n2g,cuda_mpi,16,11.0649667,22.7940667,2.0600212651340377
allreduce,1n2g,cuda_mpi,32,11.9271333,22.9722667,1.9260509732040976
allreduce,1n2g,cuda_mpi,64,11.9130333,23.2282,1.9498140746404193
allreduce,1n2g,cuda_mpi,128,11.8980333,24.2420333,2.0374823879506203
allreduce,1n2g,cuda_mpi,256,12.1827333,24.3640333,1.999882349882846
allreduce,1n2g,cuda_mpi,512,13.4262,23.885,1.7789843738362308
allreduce,1n2g,cuda_mpi,1024,19.1015,25.3253333,1.3258295578881238
allreduce,1n2g,cuda_mpi,2048,19.0166667,26.1261,1.3738527583280409
allreduce,1n2g,cuda_mpi,4096,28.6419,29.1028,1.0160918095517406
allreduce,1n2g,cuda_mpi,8192,28.8129667,31.5487,1.0949479908988338
allreduce,1n2g,cuda_mpi,16384,29.3268667,40.7145667,1.3883026480970775
allreduce,1n2g,cuda_mpi,32768,29.4653667,50.3962,1.7103537353906408
allreduce,1n2g,cuda_mpi,65536,30.0651667,74.1603333,2.4666529888224438
allreduce,1n2g,cuda_mpi,131072,30.6409,116.893,3.8149336344559073
allreduce,1n2g,cuda_mpi,262144,32.2385,215.62,6.688276439660654
allreduce,1n2g,cuda_mpi,524288,36.0789667,386.041333,10.699899922577329
allreduce,1n2g,cuda_mpi,1048576,42.1485,712.148333,16.896172651458535
allreduce,1n2g,cuda_mpi,2097152,54.5457667,3549.09667,65.06639991917099
allreduce,1n2g,cuda_mpi,4194304,79.5399333,6955.33667,87.44458766097557
allreduce,1n2g,cuda_mpi,8388608,129.583,15233.2333,117.55580052939042
allreduce,1n2g,cuda_mpi,16777216,232.231,32488.5,139.8973435932326
allreduce,1n2g,sycl_mpi,4,12.9631333,22.8864,1.7654990865518598
allreduce,1n2g,sycl_mpi,8,12.8626333,22.6262667,1.759069560041022
allreduce,1n2g,sycl_mpi,16,11.0232333,23.0661667,2.092504628383398
allreduce,1n2g,sycl_mpi,32,11.6817,23.233,1.988837241154969
allreduce,1n2g,sycl_mpi,64,11.8863333,23.0065667,1.93554783627008
allreduce,1n2g,sycl_mpi,128,11.8642333,24.0559,2.0275983615392996
allreduce,1n2g,sycl_mpi,256,11.9761667,24.2934333,2.0284815591285983
allreduce,1n2g,sycl_mpi,512,13.2225333,23.9308667,1.8098549012540583
allreduce,1n2g,sycl_mpi,1024,18.9986,25.0920667,1.320732406598381
allreduce,1n2g,sycl_mpi,2048,19.0139333,26.0341667,1.3692152112472171
allreduce,1n2g,sycl_mpi,4096,28.5901,28.9160667,1.0114013836957547
allreduce,1n2g,sycl_mpi,8192,28.9357,31.8734667,1.1015274107763076
allreduce,1n2g,sycl_mpi,16384,29.4894,40.0277333,1.3573600446262046
allreduce,1n2g,sycl_mpi,32768,29.5077,50.0962333,1.697734262582309
allreduce,1n2g,sycl_mpi,65536,29.8708667,71.5298667,2.394636466976032
allreduce,1n2g,sycl_mpi,131072,30.6145667,117.863333,3.849910212839955
allreduce,1n2g,sycl_mpi,262144,31.9679667,218.718667,6.841807270776467
allreduce,1n2g,sycl_mpi,524288,35.6461333,387.038667,10.857802268275755
allreduce,1n2g,sycl_mpi,1048576,41.4297667,680.869,16.43429481344388
allreduce,1n2g,sycl_mpi,2097152,53.6455333,3607.49667,67.24691597016896
allreduce,1n2g,sycl_mpi,4194304,78.7562667,7708.84,97.88224255683262
allreduce,1n2g,sycl_mpi,8388608,129.154667,15039.8667,116.4484958178089
allreduce,1n2g,sycl_mpi,16777216,231.740667,31364.0333,135.3410849551063
allreduce,1n4g,cuda_mpi,4,20.4894,23.3355,1.1389059708922662
allreduce,1n4g,cuda_mpi,8,19.1345,23.1462,1.2096579476861167
allreduce,1n4g,cuda_mpi,16,16.0611667,23.5634667,1.4671080339387796
allreduce,1n4g,cuda_mpi,32,16.6853,23.6058333,1.4147682870550724
allreduce,1n4g,cuda_mpi,64,17.3928333,23.7784,1.3671378084213572
allreduce,1n4g,cuda_mpi,128,17.3305,26.5789333,1.533650690978333
allreduce,1n4g,cuda_mpi,256,18.2528667,26.2355,1.4373358679050672
allreduce,1n4g,cuda_mpi,512,21.4213667,25.3567333,1.1837122091747767
allreduce,1n4g,cuda_mpi,1024,25.5018667,28.2057667,1.1060275324864748
allreduce,1n4g,cuda_mpi,2048,25.7201333,28.9915667,1.127193485424121
allreduce,1n4g,cuda_mpi,4096,56.5522333,31.1991,0.5516864353436596
allreduce,1n4g,cuda_mpi,8192,56.7459667,37.9464,0.6687065567252024
allreduce,1n4g,cuda_mpi,16384,57.5547333,45.3306,0.7876085493041455
allreduce,1n4g,cuda_mpi,32768,58.2976667,57.8484667,0.9922947173458659
allreduce,1n4g,cuda_mpi,65536,58.6064,84.0741333,1.434555497351825
allreduce,1n4g,cuda_mpi,131072,60.2194667,131.155333,2.177955737359594
allreduce,1n4g,cuda_mpi,262144,63.3003667,233.422667,3.6875405178339986
allreduce,1n4g,cuda_mpi,524288,68.1436,438.18,6.430244366308794
allreduce,1n4g,cuda_mpi,1048576,77.2795333,808.791333,10.465789562422216
allreduce,1n4g,cuda_mpi,2097152,97.7023333,4101.40333,41.97856071058643
allreduce,1n4g,cuda_mpi,4194304,135.525667,8202.52333,60.52376285298046
allreduce,1n4g,cuda_mpi,8388608,209.525667,16626.1333,79.35129637363237
allreduce,1n4g,cuda_mpi,16777216,361.247,34877.1667,96.54659194401614
allreduce,1n4g,sycl_mpi,4,20.0667,23.7770667,1.1849016878709502
allreduce,1n4g,sycl_mpi,8,19.2393,23.2649667,1.2092418487159096
allreduce,1n4g,sycl_mpi,16,15.1542,23.9219,1.5785656781618298
allreduce,1n4g,sycl_mpi,32,16.7343,23.9642333,1.4320427684456474
allreduce,1n4g,sycl_mpi,64,17.1970333,23.8811333,1.3886775052066682
allreduce,1n4g,sycl_mpi,128,17.1116333,26.6861,1.5595296797296374
allreduce,1n4g,sycl_mpi,256,17.784,26.4039,1.484699730094467
allreduce,1n4g,sycl_mpi,512,21.6346,25.4932667,1.1783562765200188
allreduce,1n4g,sycl_mpi,1024,25.7224333,27.4983333,1.069040902129582
allreduce,1n4g,sycl_mpi,2048,25.6621667,28.8392,1.1238022236056944
allreduce,1n4g,sycl_mpi,4096,56.8846667,31.3706,0.5514772577545928
allreduce,1n4g,sycl_mpi,8192,57.0721333,37.8672,0.6634971887409717
allreduce,1n4g,sycl_mpi,16384,57.32,45.2757333,0.7898767149337055
allreduce,1n4g,sycl_mpi,32768,58.1655333,57.9635333,0.9965271529625948
allreduce,1n4g,sycl_mpi,65536,59.0452333,85.2856667,1.4444123925580288
allreduce,1n4g,sycl_mpi,131072,59.6958333,132.801333,2.2246332056813753
allreduce,1n4g,sycl_mpi,262144,63.0371,234.583,3.721348221920107
allreduce,1n4g,sycl_mpi,524288,68.1445,447.643,6.569026113626192
allreduce,1n4g,sycl_mpi,1048576,77.3189667,849.399,10.985648622228677
allreduce,1n4g,sycl_mpi,2097152,97.0971667,4137.71,42.614116772163236
allreduce,1n4g,sycl_mpi,4194304,135.813333,8554.36,62.98615762562871
allreduce,1n4g,sycl_mpi,8388608,210.386,17695.8333,84.1112683353455
allreduce,1n4g,sycl_mpi,16777216,361.487333,36914.3333,102.11791653568122
allreduce,2n1g,cuda_mpi,4,12.4891667,22.4709,1.7992313290205342
allreduce,2n1g,cuda_mpi,8,12.2919667,22.3803333,1.8207284355887492
allreduce,2n1g,cuda_mpi,16,12.2727333,22.5523667,1.8375993471641725
allreduce,2n1g,cuda_mpi,32,12.2860333,22.7277,1.8498810352402348
allreduce,2n1g,cuda_mpi,64,12.4631667,23.0282333,1.8477032245745377
allreduce,2n1g,cuda_mpi,128,12.3545,22.7693,1.8429964790157434
allreduce,2n1g,cuda_mpi,256,12.4393667,23.1214333,1.858730742297355
allreduce,2n1g,cuda_mpi,512,12.4357667,23.5171333,1.8910883315300535
allreduce,2n1g,cuda_mpi,1024,15.1771333,26.62,1.7539544177292032
allreduce,2n1g,cuda_mpi,2048,15.2531333,27.7292667,1.8179390525617447
allreduce,2n1g,cuda_mpi,4096,21.1264,34.2913333,1.6231508113071795
allreduce,2n1g,cuda_mpi,8192,22.0365,33.7604333,1.5320233839312052
allreduce,2n1g,cuda_mpi,16384,23.7064,44.9823,1.8974749434751799
allreduce,2n1g,cuda_mpi,32768,24.9606667,57.5924,2.3073261901293685
allreduce,2n1g,cuda_mpi,65536,26.6796667,81.9463,3.071488895324168
allreduce,2n1g,cuda_mpi,131072,35.2629333,120.252333,3.4101625062484517
allreduce,2n1g,cuda_mpi,262144,45.3913333,199.200333,4.388510284186784
allreduce,2n1g,cuda_mpi,524288,71.7489667,377.265,5.258124504809071
allreduce,2n1g,cuda_mpi,1048576,115.790333,706.912333,6.105106658601629
allreduce,2n1g,cuda_mpi,2097152,212.203333,3598.05667,16.955702905948232
allreduce,2n1g,cuda_mpi,4194304,408.571,7093.71667,17.362261810064833
allreduce,2n1g,cuda_mpi,8388608,800.654333,14261.0667,17.811764843093655
allreduce,2n1g,cuda_mpi,16777216,1653.86,29336.2,17.738018937515875
allreduce,2n1g,sycl_mpi,4,14.3523667,22.8165333,1.5897401297585296
allreduce,2n1g,sycl_mpi,8,16.4823,22.6294667,1.372955637259363
allreduce,2n1g,sycl_mpi,16,15.9522333,23.1835667,1.4533116626372309
allreduce,2n1g,sycl_mpi,32,13.3868667,23.3100667,1.7412638238939064
allreduce,2n1g,sycl_mpi,64,13.9461,23.2430667,1.6666355970486373
allreduce,2n1g,sycl_mpi,128,14.5971667,23.418,1.604283932716888
allreduce,2n1g,sycl_mpi,256,16.3279333,23.6475667,1.4482890311659955
allreduce,2n1g,sycl_mpi,512,15.4680667,24.0956,1.557764164541649
allreduce,2n1g,sycl_mpi,1024,17.1343667,27.2404,1.5898107281665683
allreduce,2n1g,sycl_mpi,2048,19.6057,28.4090333,1.4490190760850161
allreduce,2n1g,sycl_mpi,4096,21.0184333,34.7716333,1.65433992171053
allreduce,2n1g,sycl_mpi,8192,21.9897667,35.8131667,1.6286287703088727
allreduce,2n1g,sycl_mpi,16384,22.8874,48.4123667,2.1152409928607008
allreduce,2n1g,sycl_mpi,32768,24.7692667,58.4157333,2.3583957493582157
allreduce,2n1g,sycl_mpi,65536,26.4757667,83.7399,3.162888574630022
allreduce,2n1g,sycl_mpi,131072,31.1368667,129.993667,4.1749116329678735
allreduce,2n1g,sycl_mpi,262144,42.5755333,218.184333,5.124641222051352
allreduce,2n1g,sycl_mpi,524288,62.5990667,363.362667,5.8046019877801145
allreduce,2n1g,sycl_mpi,1048576,98.5092333,690.735,7.011880783768114
allreduce,2n1g,sycl_mpi,2097152,168.281,3991.7,23.72044378153208
allreduce,2n1g,sycl_mpi,4194304,292.718,8236.88333,28.139312683196795
allreduce,2n1g,sycl_mpi,8388608,609.476,15565.9667,25.539917404458915
allreduce,2n1g,sycl_mpi,16777216,1151.51333,31366.1,27.239024666783493
allreduce,2n4g,cuda_mpi,4,32.5675333,25.2247667,0.7745372198636855
allreduce,2n4g,cuda_mpi,8,31.0945333,25.2540667,0.812170630005886
allreduce,2n4g,cuda_mpi,16,27.7559,25.3455333,0.9131584023576969
allreduce,2n4g,cuda_mpi,32,29.1493667,25.6160333,0.8787852430426902
allreduce,2n4g,cuda_mpi,64,29.7412,26.2340667,0.8820782853415464
allreduce,2n4g,cuda_mpi,128,29.2757667,28.5302333,0.9745341118598271
allreduce,2n4g,cuda_mpi,256,30.0233,27.3470333,0.9108603418012011
allreduce,2n4g,cuda_mpi,512,33.5828,28.0241667,0.8344797545171934
allreduce,2n4g,cuda_mpi,1024,40.8945333,33.4103,0.8169869492067293
allreduce,2n4g,cuda_mpi,2048,41.2583333,35.1866,0.8528361953971612
allreduce,2n4g,cuda_mpi,4096,72.8235333,39.1951,0.5382202458995491
allreduce,2n4g,cuda_mpi,8192,77.399,47.9746,0.6198348815876175
allreduce,2n4g,cuda_mpi,16384,79.0799333,57.1638,0.722861004234054
allreduce,2n4g,cuda_mpi,32768,80.5380667,71.7071667,0.8903512294019345
allreduce,2n4g,cuda_mpi,65536,83.8014333,101.932667,1.2163594700712594
allreduce,2n4g,cuda_mpi,131072,89.943,159.901667,1.777811135941652
allreduce,2n4g,cuda_mpi,262144,95.4865333,264.789667,2.7730577061383377
allreduce,2n4g,cuda_mpi,524288,115.254667,492.332,4.27168819116019
allreduce,2n4g,cuda_mpi,1048576,153.763667,869.944667,5.657673779333059
allreduce,2n4g,cuda_mpi,2097152,225.043,4955.37333,22.019673262443177
allreduce,2n4g,cuda_mpi,4194304,352.690667,9549.81333,27.077023078696893
allreduce,2n4g,cuda_mpi,8388608,632.089667,18835.3,29.79846212230519
allreduce,2n4g,cuda_mpi,16777216,1120.47,39622.2,35.36212482261907
allreduce,2n4g,sycl_mpi,4,32.8225333,25.7031667,0.7830951518906677
allreduce,2n4g,sycl_mpi,8,31.2653,25.5467667,0.8170964839614524
allreduce,2n4g,sycl_mpi,16,28.1682333,25.6987333,0.9123303199849598
allreduce,2n4g,sycl_mpi,32,29.5193,25.7892333,0.8736397306169184
allreduce,2n4g,sycl_mpi,64,29.7812667,26.0538333,0.8748396622095326
allreduce,2n4g,sycl_mpi,128,29.4717333,28.7759667,0.9763920705674953
allreduce,2n4g,sycl_mpi,256,30.2761667,49.2629667,1.627120341492901
allreduce,2n4g,sycl_mpi,512,33.9992667,38.9845667,1.1466296330444092
allreduce,2n4g,sycl_mpi,1024,41.0312667,33.4261667,0.8146511036180124
allreduce,2n4g,sycl_mpi,2048,41.0977333,35.2569667,0.85788105252997
allreduce,2n4g,sycl_mpi,4096,72.3515,39.2146667,0.5420021243512574
allreduce,2n4g,sycl_mpi,8192,77.3012667,48.2163333,0.6237457076495747
allreduce,2n4g,sycl_mpi,16384,78.5037,57.8874,0.7373843525846553
allreduce,2n4g,sycl_mpi,32768,80.644,70.9386667,0.8796521340707305
allreduce,2n4g,sycl_mpi,65536,83.5617,102.973,1.2322990077990275
allreduce,2n4g,sycl_mpi,131072,90.6435333,159.16,1.7558891870778386
allreduce,2n4g,sycl_mpi,262144,95.2960667,268.687667,2.8195042702638635
allreduce,2n4g,sycl_mpi,524288,115.343,467.051667,4.0492415404489215
allreduce,2n4g,sycl_mpi,1048576,152.876667,897.865,5.873133013816949
allreduce,2n4g,sycl_mpi,2097152,220.411333,4919.35333,22.318967282866527
allreduce,2n4g,sycl_mpi,4194304,350.699667,9442.06667,26.92351193478607
allreduce,2n4g,sycl_mpi,8388608,605.257667,18807.4333,31.07343256504341
allreduce,2n4g,sycl_mpi,16777216,1120.68,39359.6667,35.12123594603276
allreduce,4n4g,cuda_mpi,4,33.6945333,26.9904333,0.8010330061464301
allreduce,4n4g,cuda_mpi,8,32.1742667,26.7163,0.8303623591209929
allreduce,4n4g,cuda_mpi,16,28.8498667,27.1101,0.9396958496172185
allreduce,4n4g,cuda_mpi,32,31.0361667,27.3576333,0.8814759104899382
allreduce,4n4g,cuda_mpi,64,31.44,28.1427667,0.8951261673027989
allreduce,4n4g,cuda_mpi,128,31.941,31.1340333,0.9747357095895557
allreduce,4n4g,cuda_mpi,256,32.5204,30.1912333,0.9283782887049359
allreduce,4n4g,cuda_mpi,512,36.1525,30.6674,0.8482788188921927
allreduce,4n4g,cuda_mpi,1024,43.4122,38.9342333,0.896850039850549
allreduce,4n4g,cuda_mpi,2048,44.1993,41.3833,0.9362885837558513
allreduce,4n4g,cuda_mpi,4096,88.5319667,41.6662667,0.4706352773252015
allreduce,4n4g,cuda_mpi,8192,92.9168,53.3686667,0.5743704765984192
allreduce,4n4g,cuda_mpi,16384,97.9806333,68.1035333,0.6950713728444537
allreduce,4n4g,cuda_mpi,32768,100.926333,82.6847333,0.8192582732595665
allreduce,4n4g,cuda_mpi,65536,105.625333,116.126333,1.099417438049639
allreduce,4n4g,cuda_mpi,131072,114.127333,174.316,1.5273817009287338
allreduce,4n4g,cuda_mpi,262144,124.835667,285.905333,2.2902535779297755
allreduce,4n4g,cuda_mpi,524288,148.108667,510.463333,3.4465459945028063
allreduce,4n4g,cuda_mpi,1048576,200.392333,950.814,4.7447623657338225
allreduce,4n4g,cuda_mpi,2097152,301.041667,5495.06,18.25348648497884
allreduce,4n4g,cuda_mpi,4194304,492.480333,10345.4,21.006727186403197
allreduce,4n4g,cuda_mpi,8388608,855.269,20157.2,23.568257472210497
allreduce,4n4g,cuda_mpi,16777216,1574.55,42828.1667,27.200258296021087
allreduce,4n4g,sycl_mpi,4,33.9413,27.5248667,0.8109549928847747
allreduce,4n4g,sycl_mpi,8,32.3172333,27.4958667,0.8508112821650485
allreduce,4n4g,sycl_mpi,16,29.4638333,27.5257667,0.9342221841853822
allreduce,4n4g,sycl_mpi,32,30.8278,27.7008333,0.8985666606115259
allreduce,4n4g,sycl_mpi,64,31.5718333,28.3546,0.8980979891338777
allreduce,4n4g,sycl_mpi,128,31.3230333,31.4902,1.0053368618038663
allreduce,4n4g,sycl_mpi,256,32.5593667,30.8733,0.9482156174739111
allreduce,4n4g,sycl_mpi,512,36.5403667,32.2167333,0.8816751502387085
allreduce,4n4g,sycl_mpi,1024,43.4783,38.8653,0.8939010954890141
allreduce,4n4g,sycl_mpi,2048,44.0723,41.5848667,0.9435601659091992
allreduce,4n4g,sycl_mpi,4096,87.9595,42.0956667,0.4785801044799027
allreduce,4n4g,sycl_mpi,8192,93.5097667,54.1027333,0.5785784224398027
allreduce,4n4g,sycl_mpi,16384,98.0011333,67.8853,0.6926991322864631
allreduce,4n4g,sycl_mpi,32768,101.144333,82.9122333,0.8197417575535348
allreduce,4n4g,sycl_mpi,65536,105.144667,115.718333,1.1005630271290887
allreduce,4n4g,sycl_mpi,131072,114.442,175.498,1.5335104244945037
allreduce,4n4g,sycl_mpi,262144,124.814667,290.592,2.328187920414834
allreduce,4n4g,sycl_mpi,524288,146.098,501.958,3.435762296540678
allreduce,4n4g,sycl_mpi,1048576,200.102667,952.626,4.7606861731632995
allreduce,4n4g,sycl_mpi,2097152,299.151667,5433.75667,18.16388564533722
allreduce,4n4g,sycl_mpi,4194304,498.013,10467.1,21.017724436912292
allreduce,4n4g,sycl_mpi,8388608,852.163333,20163.2667,23.66126999270925
allreduce,4n4g,sycl_mpi,16777216,1571.94,42806.8333,27.231849370841125
allreduce,8n4g,cuda_mpi,4,47.9484,32.1133333,0.6697477559209484
allreduce,8n4g,cuda_mpi,8,46.5359667,31.28,0.6721682650679738
allreduce,8n4g,cuda_mpi,16,42.8689667,31.5730333,0.7365009173407484
allreduce,8n4g,cuda_mpi,32,45.5939,31.9482667,0.7007136195850762
allreduce,8n4g,cuda_mpi,64,45.6511667,33.1505667,0.7261712919157441
allreduce,8n4g,cuda_mpi,128,45.7497333,35.4968333,0.7758915897330487
allreduce,8n4g,cuda_mpi,256,46.2856,38.7548667,0.8372985701816548
allreduce,8n4g,cuda_mpi,512,50.6979,40.8090333,0.8049452403353986
allreduce,8n4g,cuda_mpi,1024,61.9125333,41.5196667,0.6706181202247785
allreduce,8n4g,cuda_mpi,2048,62.7802667,45.3753667,0.7227647967287147
allreduce,8n4g,cuda_mpi,4096,106.632,48.5381667,0.4551932506189511
allreduce,8n4g,cuda_mpi,8192,113.967333,64.4124,0.5651830073096473
allreduce,8n4g,cuda_mpi,16384,120.770667,80.4921667,0.6664877217246801
allreduce,8n4g,cuda_mpi,32768,129.598,107.213,0.827273569036559
allreduce,8n4g,cuda_mpi,65536,135.172,142.398333,1.0534602802355517
allreduce,8n4g,cuda_mpi,131072,146.292333,202.313667,1.3829410116796756
allreduce,8n4g,cuda_mpi,262144,158.403667,321.763333,2.0312871481693664
allreduce,8n4g,cuda_mpi,524288,187.515,551.685333,2.942086409087273
allreduce,8n4g,cuda_mpi,1048576,249.169667,1001.816,4.020617806580766
allreduce,8n4g,cuda_mpi,2097152,378.541333,6030.47,15.93080985954049
allreduce,8n4g,cuda_mpi,4194304,608.302,11169.5333,18.361822417154634
allreduce,8n4g,cuda_mpi,8388608,1025.34667,21317.1,20.79013920238313
allreduce,8n4g,cuda_mpi,16777216,1873.43667,45173.2667,24.112513341590564
alltoall,1n1g,cuda_mpi,4,8.06854,8.06916667,1.0000776683266117
alltoall,1n1g,cuda_mpi,8,8.03569,8.09604,1.0075102449198512
alltoall,1n1g,cuda_mpi,16,8.12318,7.99181333,0.9838281719720603
alltoall,1n1g,cuda_mpi,32,8.13218333,7.95659333,0.9784080125994896
alltoall,1n1g,cuda_mpi,64,8.09938,7.94347667,0.9807512019438525
alltoall,1n1g,cuda_mpi,128,8.09726667,7.90318333,0.9760310055343652
alltoall,1n1g,cuda_mpi,256,8.09245,7.97308667,0.9852500379983813
alltoall,1n1g,cuda_mpi,512,8.07599333,7.8926,0.9772915451380146
alltoall,1n1g,cuda_mpi,1024,8.02796667,7.79425667,0.9708880206399761
alltoall,1n1g,cuda_mpi,2048,8.20287333,8.01542333,0.9771482512945255
alltoall,1n1g,cuda_mpi,4096,8.22671667,8.03974667,0.9772728285779166
alltoall,1n1g,cuda_mpi,8192,8.21800667,8.15347333,0.9921473244557493
alltoall,1n1g,cuda_mpi,16384,8.35426667,8.20531,0.9821699885957795
alltoall,1n1g,cuda_mpi,32768,8.41762333,8.29351333,0.9852559332801603
alltoall,1n1g,cuda_mpi,65536,8.45051,8.41515667,0.9958164264642017
alltoall,1n1g,cuda_mpi,131072,8.59959333,8.53296,0.992251571970555
alltoall,1n1g,cuda_mpi,262144,8.74607,8.51894333,0.9740310024959783
alltoall,1n1g,sycl_mpi,4,7.90394,7.98041,1.0096749216213685
alltoall,1n1g,sycl_mpi,8,8.03300333,7.96774667,0.9918764306051895
alltoall,1n1g,sycl_mpi,16,8.02347667,8.00718,0.9979688767512799
alltoall,1n1g,sycl_mpi,32,8.06904667,8.04430333,0.9969335485328157
alltoall,1n1g,sycl_mpi,64,8.03709333,8.06583333,1.0035759196540275
alltoall,1n1g,sycl_mpi,128,8.07989667,8.08201,1.0002615540874238
alltoall,1n1g,sycl_mpi,256,8.07127,8.08511333,1.001715136527461
alltoall,1n1g,sycl_mpi,512,8.08254,8.02528667,0.9929164186010834
alltoall,1n1g,sycl_mpi,1024,8.03778667,7.99252333,0.994368681098624
alltoall,1n1g,sycl_mpi,2048,7.99888333,7.98658,0.9984618690519143
alltoall,1n1g,sycl_mpi,4096,8.22438333,8.05676333,0.9796191406365297
alltoall,1n1g,sycl_mpi,8192,8.32057333,8.27961333,0.9950772623020678
alltoall,1n1g,sycl_mpi,16384,8.40020667,8.36914333,0.9963020743155121
alltoall,1n1g,sycl_mpi,32768,8.36920333,8.35733333,0.9985817049088231
alltoall,1n1g,sycl_mpi,65536,8.47316667,8.42515667,0.9943338775371924
alltoall,1n1g,sycl_mpi,131072,8.55265667,8.56656667,1.0016263952286069
alltoall,1n1g,sycl_mpi,262144,8.7187,8.74501,1.0030176517141318
alltoall,1n2g,cuda_mpi,4,5.53186,11.7182667,2.118323077590539
alltoall,1n2g,cuda_mpi,8,5.49214667,11.6214333,2.116009276205291
alltoall,1n2g,cuda_mpi,16,3.50367333,10.4835333,2.9921548936184643
alltoall,1n2g,cuda_mpi,32,4.39294667,10.5279333,2.3965538602816685
alltoall,1n2g,cuda_mpi,64,4.5722,11.2255333,2.4551710992520017
alltoall,1n2g,cuda_mpi,128,5.35439333,11.4292667,2.1345586690397287
alltoall,1n2g,cuda_mpi,256,4.86487333,11.8228667,2.430251704004799
alltoall,1n2g,cuda_mpi,512,6.66437667,12.3342333,1.8507707338216821
alltoall,1n2g,cuda_mpi,1024,12.1097,17.6719333,1.4593204868824166
alltoall,1n2g,cuda_mpi,2048,12.0734333,17.7956667,1.473952458908271
alltoall,1n2g,cuda_mpi,4096,12.0144333,18.0751333,1.5044515915702825
alltoall,1n2g,cuda_mpi,8192,12.1004333,18.1048667,1.4962163958211312
alltoall,1n2g,cuda_mpi,16384,12.0919667,18.3945,1.5212165610743866
alltoall,1n2g,cuda_mpi,32768,12.4124333,18.4738667,1.488335627148949
alltoall,1n2g,cuda_mpi,65536,12.9653667,18.8951667,1.4573569060719278
alltoall,1n2g,cuda_mpi,131072,13.8596,19.8702333,1.4336801422840484
alltoall,1n2g,cuda_mpi,262144,15.3607667,21.4911667,1.3990946623777576
alltoall,1n2g,sycl_mpi,4,5.49694333,11.7139667,2.130996445983008
alltoall,1n2g,sycl_mpi,8,5.52827667,11.6882,2.1142574255423434
alltoall,1n2g,sycl_mpi,16,3.59863,10.5143667,2.92176931221048
alltoall,1n2g,sycl_mpi,32,4.44380333,10.6884,2.405236957235009
alltoall,1n2g,sycl_mpi,64,4.77181333,11.0655333,2.318936751031709
alltoall,1n2g,sycl_mpi,128,5.20100333,11.4754333,2.206388377759412
alltoall,1n2g,sycl_mpi,256,4.80693333,11.9494333,2.485874564854845
alltoall,1n2g,sycl_mpi,512,7.53255,12.6687333,1.6818651452695303
alltoall,1n2g,sycl_mpi,1024,12.0446333,17.7606667,1.4745709775987952
alltoall,1n2g,sycl_mpi,2048,11.8260333,17.9125667,1.5146724388134438
alltoall,1n2g,sycl_mpi,4096,11.9177,18.2178667,1.5286394774159442
alltoall,1n2g,sycl_mpi,8192,12.1300333,18.4263667,1.519069753914031
alltoall,1n2g,sycl_mpi,16384,12.0137667,18.5002333,1.5399194742145277
alltoall,1n2g,sycl_mpi,32768,12.1739667,18.5809333,1.5262842225451465
alltoall,1n2g,sycl_mpi,65536,13.0294667,19.0086333,1.458895727482077
alltoall,1n2g,sycl_mpi,131072,13.7210333,19.8764667,1.4486129626986621
alltoall,1n2g,sycl_mpi,262144,15.2378333,22.1661333,1.4546775032641943
alltoall,1n4g,cuda_mpi,4,12.0583,18.2414,1.5127671396465505
alltoall,1n4g,cuda_mpi,8,11.8726,16.1032,1.3563330694203461
alltoall,1n4g,cuda_mpi,16,7.44424,14.5333,1.9522879434300884
alltoall,1n4g,cuda_mpi,32,9.44875667,16.0878333,1.7026402374271323
alltoall,1n4g,cuda_mpi,64,10.6475333,16.6038667,1.5594096991459987
alltoall,1n4g,cuda_mpi,128,10.4843333,16.9897667,1.6204908995024034
alltoall,1n4g,cuda_mpi,256,11.2485667,17.0185333,1.512951272271871
alltoall,1n4g,cuda_mpi,512,14.4468,20.8357667,1.4422409599357644
alltoall,1n4g,cuda_mpi,1024,22.3212667,23.6272333,1.058507727968682
alltoall,1n4g,cuda_mpi,2048,21.4148,23.7523667,1.1091565973065356
alltoall,1n4g,cuda_mpi,4096,21.6891,23.8875,1.1013596691425647
alltoall,1n4g,cuda_mpi,8192,22.5574667,24.0002333,1.0639596023431126
alltoall,1n4g,cuda_mpi,16384,24.2207667,24.0560333,0.9931986711221656
alltoall,1n4g,cuda_mpi,32768,21.8477,24.3513667,1.11459635110332
alltoall,1n4g,cuda_mpi,65536,25.2354333,24.4503,0.9688876632048953
alltoall,1n4g,cuda_mpi,131072,31.5889333,26.2085,0.8296734730197427
alltoall,1n4g,cuda_mpi,262144,43.1136333,28.2982,0.6563631462718779
alltoall,1n4g,sycl_mpi,4,12.7402667,18.6124333,1.460913946173513
alltoall,1n4g,sycl_mpi,8,11.0401,16.1156,1.459733154590991
alltoall,1n4g,sycl_mpi,16,7.49351,15.1871333,2.0267048819578544
alltoall,1n4g,sycl_mpi,32,8.86469,16.1216333,1.8186347520330661
alltoall,1n4g,sycl_mpi,64,10.8986667,16.7599,1.5377936091944162
alltoall,1n4g,sycl_mpi,128,9.89492333,16.3198667,1.64931714534063
alltoall,1n4g,sycl_mpi,256,11.3843333,17.0348,1.4963370757952072
alltoall,1n4g,sycl_mpi,512,15.1582333,21.3786667,1.4103666487307596
alltoall,1n4g,sycl_mpi,1024,22.6997667,23.7887667,1.0479740613369386
alltoall,1n4g,sycl_mpi,2048,21.6663,23.9644667,1.1060710273558476
alltoall,1n4g,sycl_mpi,4096,22.0749333,23.9556333,1.085196180411562
alltoall,1n4g,sycl_mpi,8192,22.7067667,24.5588667,1.0815659941580322
alltoall,1n4g,sycl_mpi,16384,24.6452667,24.3998333,0.9900413575155184
alltoall,1n4g,sycl_mpi,32768,21.5696333,24.2329,1.123472970678644
alltoall,1n4g,sycl_mpi,65536,25.3129667,25.4831,1.0067211916333774
alltoall,1n4g,sycl_mpi,131072,31.7335333,26.0295,0.8202521841461631
alltoall,1n4g,sycl_mpi,262144,42.2328333,28.8415333,0.6829173192128692
alltoall,2n1g,cuda_mpi,4,5.01720667,12.5600667,2.503398310279293
alltoall,2n1g,cuda_mpi,8,5.03772,12.4151667,2.464441592625235
alltoall,2n1g,cuda_mpi,16,4.30901,11.04,2.562073422897603
alltoall,2n1g,cuda_mpi,32,5.20242,11.1106333,2.1356663437400285
alltoall,2n1g,cuda_mpi,64,5.49461,11.1419,2.0277872314868572
alltoall,2n1g,cuda_mpi,128,5.13127,11.1693667,2.176725586453256
alltoall,2n1g,cuda_mpi,256,5.36931667,11.1667,2.079724606744046
alltoall,2n1g,cuda_mpi,512,6.24371667,11.2827,1.8070486853145435
alltoall,2n1g,cuda_mpi,1024,6.27732667,13.9939667,2.229287630812433
alltoall,2n1g,cuda_mpi,2048,6.45391,13.9291333,2.1582472175781815
alltoall,2n1g,cuda_mpi,4096,7.17545667,14.8862,2.0745996644698574
alltoall,2n1g,cuda_mpi,8192,8.08598667,15.2684,1.8882544113815611
alltoall,2n1g,cuda_mpi,16384,8.5603,15.8261667,1.8487864560821468
alltoall,2n1g,cuda_mpi,32768,11.3531,17.0912667,1.5054273017942235
alltoall,2n1g,cuda_mpi,65536,15.5787667,19.582,1.2569672797012874
alltoall,2n1g,cuda_mpi,131072,24.8028,26.4896,1.0680084506587966
alltoall,2n1g,cuda_mpi,262144,43.0500667,40.3349333,0.9369307969039686
alltoall,2n1g,sycl_mpi,4,5.09304333,11.3447667,2.2275024901466915
alltoall,2n1g,sycl_mpi,8,5.24564333,11.3123333,2.15651972281539
alltoall,2n1g,sycl_mpi,16,4.34688,11.2923,2.5977942800353357
alltoall,2n1g,sycl_mpi,32,5.24433667,11.1669333,2.1293318874587053
alltoall,2n1g,sycl_mpi,64,5.14903667,11.1817333,2.1716165598797335
alltoall,2n1g,sycl_mpi,128,5.18618333,11.329,2.1844580646554195
alltoall,2n1g,sycl_mpi,256,5.66863,11.2579333,1.9860060190910325
alltoall,2n1g,sycl_mpi,512,7.19183333,11.2713667,1.567245260395933
alltoall,2n1g,sycl_mpi,1024,6.50898667,13.7305333,2.109473255381548
alltoall,2n1g,sycl_mpi,2048,6.47213333,13.7181667,2.1195741806511887
alltoall,2n1g,sycl_mpi,4096,7.08812,14.4669333,2.041011340101466
alltoall,2n1g,sycl_mpi,8192,7.75302333,14.9575667,1.9292559899984203
alltoall,2n1g,sycl_mpi,16384,9.10703667,15.6998,1.7239197083413085
alltoall,2n1g,sycl_mpi,32768,9.22828333,17.1859,1.8623073637250365
alltoall,2n1g,sycl_mpi,65536,14.6573,19.5042,1.3306816398654597
alltoall,2n1g,sycl_mpi,131072,22.8094333,24.0187333,1.0530175381428701
alltoall,2n1g,sycl_mpi,262144,39.1484333,33.4085,0.8533802551940181
alltoall,2n4g,cuda_mpi,4,15.0853,21.0807,1.3974332628452866
alltoall,2n4g,cuda_mpi,8,14.2931333,20.1461667,1.4094996721257753
alltoall,2n4g,cuda_mpi,16,10.1427533,16.8720333,1.6634569333358424
alltoall,2n4g,cuda_mpi,32,11.9572667,18.1881667,1.5210973507850252
alltoall,2n4g,cuda_mpi,64,14.4568667,19.8908333,1.3758744348109677
alltoall,2n4g,cuda_mpi,128,13.4946667,19.7453333,1.463195330344839
alltoall,2n4g,cuda_mpi,256,15.8027333,20.7273333,1.3116296343493945
alltoall,2n4g,cuda_mpi,512,19.8656667,24.3691,1.2266942946344712
alltoall,2n4g,cuda_mpi,1024,27.0862333,27.8182,1.02702356920185
alltoall,2n4g,cuda_mpi,2048,26.1078,28.5182333,1.0923261745531985
alltoall,2n4g,cuda_mpi,4096,26.5693667,27.8077667,1.0466100684289175
alltoall,2n4g,cuda_mpi,8192,28.2716,29.6522667,1.0488358175695751
alltoall,2n4g,cuda_mpi,16384,38.7552,38.2706,0.9874958715217571
alltoall,2n4g,cuda_mpi,32768,47.0960667,44.9027667,0.9534292319150295
alltoall,2n4g,cuda_mpi,65536,92.1661,67.7866667,0.7354837266630572
alltoall,2n4g,cuda_mpi,131072,180.889333,116.833667,0.6458847797288302
alltoall,2n4g,cuda_mpi,262144,366.372333,205.294,0.56034253001304
alltoall,2n4g,sycl_mpi,4,15.4875667,21.8817333,1.4128580508389352
alltoall,2n4g,sycl_mpi,8,14.2195667,20.9844667,1.4757458608074183
alltoall,2n4g,sycl_mpi,16,9.70141,16.6678333,1.7180835878496015
alltoall,2n4g,sycl_mpi,32,12.3254333,18.0571333,1.4650303044518524
alltoall,2n4g,sycl_mpi,64,13.7877,18.9290333,1.3728927449828472
alltoall,2n4g,sycl_mpi,128,13.3137667,19.4724,1.4625763271035837
alltoall,2n4g,sycl_mpi,256,14.4970667,20.4356667,1.4096414897504748
alltoall,2n4g,sycl_mpi,512,21.1134667,25.1890333,1.1930316161675145
alltoall,2n4g,sycl_mpi,1024,28.7702,27.9800333,0.9725352378502756
alltoall,2n4g,sycl_mpi,2048,26.7861333,28.6415333,1.069267183106268
alltoall,2n4g,sycl_mpi,4096,27.4668,29.0422667,1.0573589460730772
alltoall,2n4g,sycl_mpi,8192,29.0954333,30.7477333,1.056788980695469
alltoall,2n4g,sycl_mpi,16384,37.5723667,38.1533667,1.0154634922159427
alltoall,2n4g,sycl_mpi,32768,47.5146,43.9419667,0.9248097784680919
alltoall,2n4g,sycl_mpi,65536,91.6096333,68.8628333,0.7516986022036616
alltoall,2n4g,sycl_mpi,131072,176.824,114.416667,0.6470652569786907
alltoall,2n4g,sycl_mpi,262144,362.543667,209.383,0.5775387051513439
alltoall,4n4g,cuda_mpi,4,19.3836667,340.434,17.562930959806486
alltoall,4n4g,cuda_mpi,8,17.4246,340.043667,19.515149099548914
alltoall,4n4g,cuda_mpi,16,14.4667667,338.477,23.3968658663722
alltoall,4n4g,cuda_mpi,32,16.1349667,341.423667,21.16048166371487
alltoall,4n4g,cuda_mpi,64,18.8252,341.820333,18.157593704183753
alltoall,4n4g,cuda_mpi,128,18.3331333,413.350333,22.546627804206278
alltoall,4n4g,cuda_mpi,256,20.4355,418.126667,20.46079944214724
alltoall,4n4g,cuda_mpi,512,26.5423333,37.3777,1.4082296223746085
alltoall,4n4g,cuda_mpi,1024,36.6646667,44.6103667,1.2167127295882387
alltoall,4n4g,cuda_mpi,2048,36.1198,43.7819,1.2121301889822202
alltoall,4n4g,cuda_mpi,4096,41.1776333,45.7509667,1.1110635321530244
alltoall,4n4g,cuda_mpi,8192,58.8217667,60.1862,1.0231960611954893
alltoall,4n4g,cuda_mpi,16384,125.89,111.204,0.883342600683136
alltoall,4n4g,cuda_mpi,32768,129.810667,102.236333,0.7875803688767735
alltoall,4n4g,cuda_mpi,65536,268.595333,186.431667,0.6940986833900052
alltoall,4n4g,cuda_mpi,131072,548.743,342.635,0.6243997645528051
alltoall,4n4g,cuda_mpi,262144,985.255667,781.427,0.793121040733887
alltoall,4n4g,sycl_mpi,4,18.9758333,340.916667,17.965833785017495
alltoall,4n4g,sycl_mpi,8,17.4315667,341.921333,19.615066097300364
alltoall,4n4g,sycl_mpi,16,14.7357333,342.784667,23.26213836945597
alltoall,4n4g,sycl_mpi,32,16.0448,344.707333,21.48405296420024
alltoall,4n4g,sycl_mpi,64,18.6426667,345.174333,18.515287461530384
alltoall,4n4g,sycl_mpi,128,18.2754,420.740333,23.02222293356096
alltoall,4n4g,sycl_mpi,256,20.5536333,422.351333,20.548743223904847
alltoall,4n4g,sycl_mpi,512,27.0654,37.8073333,1.3968880304743327
alltoall,4n4g,sycl_mpi,1024,34.4018333,44.9137667,1.305563174739295
alltoall,4n4g,sycl_mpi,2048,36.5188333,44.5092333,1.2188021707692398
alltoall,4n4g,sycl_mpi,4096,41.4846333,46.3858,1.1181441490528978
alltoall,4n4g,sycl_mpi,8192,59.4026667,59.3561333,0.9992166445955196
alltoall,4n4g,sycl_mpi,16384,122.166667,111.396333,0.9118390125188567
alltoall,4n4g,sycl_mpi,32768,125.818667,101.417333,0.8060595094367038
alltoall,4n4g,sycl_mpi,65536,274.111333,187.479,0.6839520203274485
alltoall,4n4g,sycl_mpi,131072,549.722667,346.194,0.6297611882902402
alltoall,4n4g,sycl_mpi,262144,973.063,794.672,0.8166706575011073
alltoall,8n4g,cuda_mpi,4,27.1464667,670.651667,24.704933957390484
alltoall,8n4g,cuda_mpi,8,25.7643333,673.077,26.124370934139407
alltoall,8n4g,cuda_mpi,16,23.6053,672.276333,28.479889389247333
alltoall,8n4g,cuda_mpi,32,24.2097,674.128667,27.845395316753198
alltoall,8n4g,cuda_mpi,64,30.8609,859.532,27.851812487646182
alltoall,8n4g,cuda_mpi,128,28.1789,950.552,33.73275748875932
alltoall,8n4g,cuda_mpi,256,30.9793667,973.765,31.43269549148014
alltoall,8n4g,cuda_mpi,512,38.5457667,60.1089333,1.5594172446438845
alltoall,8n4g,cuda_mpi,1024,52.4981,56.687,1.0797914591194728
alltoall,8n4g,cuda_mpi,2048,60.9818667,63.5346667,1.0418616244162957
alltoall,8n4g,cuda_mpi,4096,82.7867,88.6922,1.0713339219947167
alltoall,8n4g,cuda_mpi,8192,135.476667,138.199667,1.0200994020616112
alltoall,8n4g,cuda_mpi,16384,260.540333,262.399333,1.0071351716588157
alltoall,8n4g,cuda_mpi,32768,275.575667,263.171333,0.9549875570109752
alltoall,8n4g,cuda_mpi,65536,525.155,491.619667,0.9361420285439537
alltoall,8n4g,cuda_mpi,131072,1047.81667,953.652333,0.9101328126417383
alltoall,8n4g,cuda_mpi,262144,2004.98,1753.25,0.8744476254127224
alltoall,8n4g,sycl_mpi,4,27.2165,671.000667,24.654186504510132
alltoall,8n4g,sycl_mpi,8,24.8273333,673.297333,27.119196607393995
alltoall,8n4g,sycl_mpi,16,23.3135333,677.878333,29.076602172524403
alltoall,8n4g,sycl_mpi,32,23.9896,681.694667,28.41625817020709
alltoall,8n4g,sycl_mpi,64,30.2916333,833.872333,27.528140352867666
alltoall,8n4g,sycl_mpi,128,27.5012667,835.858,30.393436386695598
alltoall,8n4g,sycl_mpi,256,30.5433333,841.853333,27.562588690999224
alltoall,8n4g,sycl_mpi,512,38.4664667,46.0320667,1.1966803985144807
alltoall,8n4g,sycl_mpi,1024,52.3994333,57.1058333,1.0898177652619767
alltoall,8n4g,sycl_mpi,2048,61.2901,63.9682667,1.0436965627401489
alltoall,8n4g,sycl_mpi,4096,84.8177667,89.2765333,1.052568780969801
alltoall,8n4g,sycl_mpi,8192,138.423333,138.84,1.0030100922364005
alltoall,8n4g,sycl_mpi,16384,258.977,262.851667,1.0149614328685561
alltoall,8n4g,sycl_mpi,32768,276.131,267.315667,0.9680755402327158
alltoall,8n4g,sycl_mpi,65536,521.795,493.669333,0.9460982435630851
alltoall,8n4g,sycl_mpi,131072,1040.33333,955.523,0.918477734439211
alltoall,8n4g,sycl_mpi,262144,2026.49667,1778.19,0.8774699837034522
